ID,Claim
25902,0
19535,0
43717,0
48271,0
52318,0
31820,1
5943,0
45799,0
4666,0
10884,0
18279,0
39099,0
18184,0
33106,0
54962,0
17753,0
18649,0
33032,1
9885,0
62676,1
9448,0
49527,0
51975,1
9287,1
17873,0
50238,0
14136,1
24479,1
15068,1
49306,1
26756,1
51033,0
2363,1
26520,0
33576,0
9891,0
55190,1
55862,0
43859,0
8281,0
23706,0
37821,0
19338,0
22832,1
37442,0
30962,0
2060,0
7581,1
15647,1
8953,1
33769,0
55785,0
15227,0
52354,0
52516,1
55321,0
11302,0
1017,0
5975,0
50113,1
44259,1
50648,0
3252,0
10306,0
27419,0
8185,1
37413,0
20278,0
16412,1
53080,1
33337,0
58813,0
39206,0
60681,1
45608,1
32616,0
17395,0
42023,0
30428,0
62616,1
45034,1
53282,0
41146,0
57043,0
36390,1
55072,0
17243,0
51596,0
25579,0
2924,0
14349,0
51458,0
20590,1
45273,0
44114,1
39769,1
42813,0
19584,1
34882,0
4247,0
27408,0
47416,1
40244,1
31574,0
32671,0
46847,0
30022,0
57928,0
58114,0
24032,0
13085,1
21179,1
58294,0
60940,0
16400,1
19707,1
56335,1
35826,0
45947,0
56817,0
4121,1
5314,1
32084,0
24669,1
27731,0
53194,1
10013,1
4402,0
14573,0
58265,1
31227,1
15088,0
18591,1
32775,0
35638,1
6042,0
56065,1
30319,0
39619,0
46052,0
3861,0
1035,0
12340,0
63059,0
58434,1
17976,1
57699,0
13731,1
62983,1
51787,0
1419,1
2366,0
23214,0
32372,1
46352,0
55024,1
40844,0
7832,0
9073,0
19789,0
40161,0
15496,0
50720,0
60855,1
34819,1
35475,1
16514,0
713,0
50941,0
21883,0
49564,0
45067,0
50779,1
13903,1
34063,1
49707,1
38400,0
33868,1
7318,0
46090,1
15156,0
54516,1
11981,0
45260,0
43326,1
56442,0
10316,0
3561,1
59877,0
29517,0
43892,1
35410,0
34211,1
28002,1
36476,0
60680,1
20443,0
12635,0
27232,0
29690,0
4967,0
46630,0
44271,0
56363,0
41251,1
56534,0
55401,0
59281,0
30724,1
38396,0
59544,1
38223,0
27177,1
23408,1
7669,0
26063,1
2697,0
46925,1
31760,0
984,0
15899,0
4239,0
55561,0
26493,0
62015,1
33503,0
7546,0
37759,1
32842,0
39669,1
23409,0
20892,0
54041,1
54450,0
7386,0
24154,1
248,1
8510,0
13753,1
3367,1
13639,0
7620,0
21501,0
15885,1
39046,1
49407,0
9294,0
14603,1
44463,0
58437,1
25126,0
6500,0
18884,1
16128,0
39180,0
5376,0
30774,0
53863,0
10813,1
10389,0
59622,0
17119,0
6882,0
25001,0
9962,0
45361,1
38897,0
41858,1
31548,1
13775,1
46086,1
59824,1
34091,0
47240,1
334,0
5149,0
33597,0
52592,0
36498,1
58851,0
40338,0
11054,0
59288,0
37966,1
25694,0
30894,1
4418,1
2940,0
38086,0
28825,0
19566,0
42706,1
28092,1
61188,0
27109,0
48623,1
36366,0
43452,0
41648,1
40763,1
37841,1
17792,0
16579,1
29711,0
40423,1
44480,0
35708,1
23767,0
274,1
50385,0
47749,0
49885,0
29126,0
61356,0
2826,0
56533,0
24191,0
743,0
31596,0
17847,0
32455,0
25965,0
53162,1
51971,0
1332,1
17578,1
15079,0
34279,1
21678,0
4692,0
55331,1
12222,0
55092,0
35391,0
45960,0
60677,1
6090,0
59504,1
52261,1
28034,1
37619,1
46100,1
12508,1
51376,0
21979,1
61169,0
20195,0
17967,1
9346,1
52358,0
57728,1
382,0
33991,1
59246,0
60710,0
28130,1
5113,0
46802,0
26776,0
9149,0
23272,0
10547,0
62111,1
39292,0
40720,0
46181,1
63021,1
38190,0
28907,0
35163,0
60211,0
34190,0
56940,0
3036,0
16909,0
15341,1
20296,0
4438,1
21443,1
20578,0
23976,0
40488,0
47212,0
32112,0
19196,1
13460,0
21892,0
60820,0
41751,0
30023,1
56694,1
36010,0
31702,0
39351,0
61641,1
53066,0
29463,0
49393,0
50266,0
27116,1
3948,1
33516,1
40105,0
9472,1
46067,0
49534,0
61128,0
56050,0
550,0
145,0
8319,0
16099,0
8292,1
41818,0
59168,1
20151,0
41984,1
7129,0
40003,0
63060,0
28532,0
5569,0
38576,0
11369,0
31800,0
59741,1
40552,0
53766,0
22420,0
58406,0
46354,0
275,0
26909,1
21213,1
35472,1
12954,0
51830,0
48081,1
39984,0
18620,1
40744,0
4731,0
8352,0
5460,0
7119,0
48826,1
33747,0
44443,1
12905,0
57337,1
61312,1
46603,1
40055,0
15874,0
54919,1
31432,0
56984,1
54787,0
5308,0
12147,0
1570,0
58322,0
51126,0
50773,1
11823,0
14693,0
28100,1
61319,1
46709,0
16999,0
39768,0
11992,0
44537,0
35046,0
55631,0
16038,1
50409,0
6496,0
59415,1
29507,1
47655,0
21914,0
10690,0
45419,0
7314,0
57461,0
22908,1
56758,0
20005,0
59517,0
17394,0
50307,1
14370,0
50463,1
54861,1
11765,0
30863,1
14126,0
42149,0
27567,0
25857,0
17180,0
28789,0
38979,0
33016,0
41688,0
28380,1
40560,0
25003,1
18117,0
1801,0
7491,1
29190,0
31079,1
48691,0
4650,0
40180,1
53806,1
5368,0
7644,0
16716,0
42852,0
59688,0
41222,0
25754,0
35062,0
1613,1
37633,1
25529,0
45942,0
35471,1
8759,1
18376,0
51957,1
52529,1
30878,1
43230,1
43058,1
29492,0
10066,0
11195,0
1723,1
57717,0
50220,1
14961,0
35218,1
1116,0
59618,0
3381,0
57397,1
53868,1
13519,0
16621,1
61215,0
42041,0
2264,0
690,0
16392,0
21617,0
20777,0
5189,0
62144,1
2175,1
57459,0
12067,0
53758,0
2203,0
57750,1
35657,0
22330,0
6754,0
33083,0
21376,1
55359,0
25287,1
5672,0
60567,0
25820,0
32436,0
53069,0
20757,1
28418,1
56857,0
59979,0
23018,1
52192,1
53025,1
40780,0
48388,0
4680,0
14828,1
2706,0
3783,0
40446,0
38160,1
54531,1
44864,0
18710,0
2549,0
32106,0
21479,1
46950,1
61960,1
15270,0
33446,1
58795,1
40611,0
28191,0
27558,0
58647,0
43017,0
5130,1
45366,1
25715,0
37407,1
32362,1
1519,0
34153,0
22649,0
51210,0
6743,1
42444,1
58214,1
54736,1
16935,0
38089,0
23465,0
26004,0
32058,0
14373,0
53889,0
57292,0
60374,1
3412,0
59070,0
35383,0
51017,0
53135,1
19631,0
52463,1
50225,0
18897,1
18139,1
11358,0
33677,1
61075,0
40651,1
52290,0
30145,1
60493,1
26718,0
11973,1
55595,0
60759,1
24049,0
59916,0
24192,1
37986,0
4027,0
25696,1
14172,0
9833,1
61959,1
26462,0
30680,1
41420,0
16160,0
29743,0
8445,0
14043,0
1568,0
62635,1
34323,0
41282,1
19971,0
7290,1
42463,1
49071,1
11403,0
49365,0
35772,0
28475,0
41843,1
53313,0
32898,1
57082,1
51617,1
61955,1
5194,0
36659,0
55031,1
12451,0
49688,0
51582,0
17179,0
23491,1
57951,0
37364,1
61492,1
17993,0
49481,0
10780,0
27182,0
60479,0
21843,0
23575,0
33027,0
51173,0
14430,1
36306,0
13629,0
7141,0
57294,0
23498,1
54693,1
1830,0
43430,1
27890,1
47804,1
57907,1
47956,1
59238,1
63043,0
30472,0
20516,0
39239,0
61235,0
58938,0
45195,0
57800,0
53550,0
25846,0
38383,0
11552,0
11087,0
13669,0
41754,0
54865,0
41478,0
7163,1
9387,1
58979,1
31780,0
7760,0
11925,0
42532,0
24576,1
19991,0
47675,0
12812,0
12551,1
42112,0
40403,0
51595,0
36296,1
22619,0
28410,0
3920,0
40385,1
51936,1
25107,0
6369,0
53671,0
12258,1
35142,0
50185,1
49345,0
11950,0
53501,0
6699,0
16214,0
47986,0
19910,0
44316,1
199,0
6627,0
13536,0
20407,0
4223,0
30069,0
27273,1
47093,0
58138,1
14345,0
30129,0
2599,0
15130,1
21350,0
37044,0
5878,1
57479,1
53961,0
49121,1
33102,0
34724,1
17513,0
33407,1
32999,0
52912,1
43145,0
30868,1
9657,0
59528,0
48918,0
43070,1
30763,0
2022,0
49933,0
42507,0
50684,0
6917,0
37744,1
3707,0
28761,1
7903,0
56270,0
4478,0
10000,1
15456,1
24871,1
39594,0
2240,0
48196,0
33563,0
37785,0
33023,0
27662,0
59565,0
63296,0
1294,0
3673,0
57825,1
18161,1
49727,0
19416,0
6295,0
5813,0
18312,1
9567,0
55413,1
49888,0
8898,1
40224,0
3923,1
18828,0
60038,1
42871,1
22347,1
12247,1
37399,0
63124,1
23283,0
12605,0
19290,0
4424,1
5682,0
38616,0
45011,0
15715,0
25184,1
18372,0
11949,0
9241,0
34968,1
17998,0
4975,1
44058,1
51474,0
50179,1
8723,0
24529,1
45035,0
41162,1
13778,0
18440,0
3052,0
36905,1
2072,0
3474,0
36003,0
36513,1
39208,0
22159,1
6796,0
52805,1
54468,0
22748,1
57299,0
55027,0
22597,0
45583,0
55836,0
33793,1
5025,0
11481,0
15803,0
60721,1
48878,1
43766,0
33144,0
20326,0
9596,0
54801,1
26079,0
59384,1
60648,1
54127,0
1527,0
52763,0
23540,0
339,0
48744,0
51863,1
61559,0
17518,0
31148,1
43093,1
22054,1
53899,0
12648,0
18750,0
34950,1
40613,0
34608,0
57465,0
915,0
25456,1
45964,0
62125,1
285,1
17840,0
28495,0
28605,1
13093,0
53849,1
19944,1
33993,1
8423,0
40639,0
35130,0
20454,0
31645,0
32735,0
58561,1
54429,1
26471,1
49264,0
11126,0
22044,1
39924,0
36615,0
4632,1
32767,0
37996,0
57991,0
12393,0
28585,1
1558,0
57495,0
35934,0
54007,1
56917,0
55573,1
13821,0
11551,0
13860,0
51275,0
1100,0
56322,1
21559,0
26337,0
11970,1
14931,0
44608,0
12960,1
35850,0
31363,0
45941,0
43605,1
28452,0
27960,1
19931,0
35768,0
17505,0
30484,0
39855,0
9997,1
54245,0
52525,1
39141,0
57379,1
48790,0
9480,1
29936,0
19393,0
32937,0
14898,0
10714,0
35387,0
3438,1
1760,0
44464,1
60714,0
32550,0
26251,1
41540,0
24048,0
25187,0
5604,1
21510,0
47369,0
38192,0
1878,0
29261,1
57004,0
52413,0
5760,0
49385,0
24795,0
2747,1
42997,0
15728,0
51520,1
39836,0
24764,1
4326,1
58180,1
26024,0
57937,0
6610,0
24125,0
15178,0
60384,1
18233,0
39962,0
5116,1
39342,1
27882,1
55799,1
13593,1
57840,0
51658,1
44011,0
55456,0
52938,0
15027,0
42131,0
28078,0
2048,0
47823,0
60254,1
18607,0
44542,0
32073,0
48578,0
1557,0
20856,1
2679,0
2154,0
29929,0
14044,0
8848,0
27205,1
57024,0
4665,0
45917,1
12324,1
27052,0
33329,0
46026,0
23110,1
49341,1
4889,0
13299,0
9894,0
2816,1
63252,0
32232,1
22250,0
63136,1
31910,0
4883,0
17358,1
43698,0
14617,1
40145,0
47793,1
41107,1
19824,0
44788,0
6298,1
49690,0
22945,0
17264,0
28460,0
53455,0
42419,0
48035,0
61554,1
44737,0
11215,0
18575,1
11118,0
2192,0
23681,0
63308,0
51313,0
62851,1
1714,0
28918,0
4659,0
59383,1
10552,0
37183,1
32282,0
49417,0
23787,1
35935,1
21916,0
20595,0
48509,1
11990,0
37030,0
55991,0
7593,0
19010,0
32496,0
24509,0
4416,0
2374,0
39336,0
61476,0
34143,0
28314,1
26043,0
53227,1
42585,0
39853,0
52490,0
41826,0
24638,0
47234,1
27218,1
22125,0
27115,0
61606,0
1251,0
21993,0
29585,0
16941,1
35064,1
21856,1
25515,1
30127,0
60545,0
30338,1
39120,1
9406,0
423,1
3655,0
29378,0
10908,0
28762,0
53393,1
12032,0
50044,1
54379,1
34787,1
28033,0
689,0
41659,1
1123,1
33116,1
4878,0
31978,0
21071,0
48919,0
59396,1
39275,1
34616,1
16866,0
20804,0
23293,0
3116,0
45945,1
30608,0
6563,0
28584,1
18843,1
31468,1
21204,0
46001,0
251,1
14577,1
52990,1
2263,1
2754,0
6737,0
41292,0
38226,1
25620,0
21494,0
49580,1
33560,0
60371,0
36647,0
26832,0
35684,1
6787,0
54848,1
56453,0
25260,0
21526,0
13124,0
49369,0
44884,0
20257,0
61103,0
54491,1
21964,1
21329,0
45717,1
38736,0
37394,1
24545,1
1018,0
56721,0
44046,1
19800,0
9141,1
41117,0
59753,0
18162,0
32838,0
9723,1
55873,0
14066,1
58569,1
9809,0
59984,0
7558,0
23350,0
51531,1
19449,0
59084,0
58932,0
59079,1
62138,1
12506,0
16322,0
30228,0
4196,0
36746,0
22705,1
8923,1
57132,0
41120,1
60633,1
53900,0
8724,0
62499,0
38926,0
31225,1
54545,0
42407,1
11245,0
62154,0
29431,1
62663,1
16541,0
17875,0
34394,1
27542,1
5804,0
1427,1
61385,0
62618,1
52736,0
12751,0
43317,0
2475,0
1989,0
23619,0
43663,1
11885,0
35470,1
61569,1
49401,0
13672,0
13137,0
29173,0
42892,1
1218,0
16236,0
45472,0
61244,1
8395,1
43091,0
12305,1
54680,1
7575,0
50468,0
17010,0
11910,1
62548,1
26144,1
33131,0
14116,0
31566,1
23668,0
57280,1
32713,1
55204,0
17258,0
30043,1
2398,0
12567,0
27729,0
39623,0
34494,0
15326,1
52210,0
17725,0
49958,1
45157,0
21977,0
62175,0
36632,1
36308,0
48235,0
51195,0
10602,1
6509,0
45728,1
53581,0
33981,1
12555,1
6572,1
45512,0
46520,1
20931,0
49429,0
14447,1
20644,0
30891,0
24022,0
7905,0
54048,1
52589,1
9611,0
5625,1
7450,0
55667,0
54947,0
38040,0
5639,0
40727,0
39685,0
276,1
27324,1
29208,1
55231,1
8516,0
42710,0
44900,0
36499,0
21701,0
39116,0
56866,1
48286,1
16505,0
27594,0
48765,0
26154,0
27834,0
47779,0
26885,0
31188,0
43258,1
16630,0
3568,0
23452,0
25376,0
5238,0
2269,0
42719,0
27204,0
59856,1
53200,1
24569,0
12553,0
50449,0
58790,0
46745,0
216,0
34365,0
51567,0
24840,0
41610,0
45812,0
8067,0
23785,0
30239,0
10654,0
28663,0
12197,0
47173,0
11957,0
22616,0
33907,0
60894,0
41309,1
15747,1
33823,0
56064,1
5317,1
48670,0
56397,1
41998,0
18419,0
27821,1
61624,0
55353,0
42022,0
56202,0
13780,0
5148,0
36863,0
47286,1
58455,0
35157,0
40253,0
21902,0
9678,0
57667,0
43389,1
54627,0
60802,0
52749,1
49142,0
25493,0
63040,0
20963,0
12417,1
57726,0
53853,1
3529,0
21260,0
49781,1
6640,0
22403,0
20001,0
21698,1
24092,0
12112,1
9195,0
10888,0
12591,0
1151,0
52340,0
43822,0
30364,1
1363,0
48098,0
14410,0
10351,0
5994,1
37942,1
24066,0
16664,1
36500,1
45099,0
15101,0
35501,1
30530,1
12345,0
41905,0
36078,1
33744,0
32452,0
22664,0
4559,0
2876,0
43939,0
39758,0
15710,0
8957,1
13209,0
59461,0
10375,0
36939,1
17745,0
46165,0
33835,0
5613,0
62841,0
55409,0
34235,1
29207,1
59094,0
6145,0
42859,0
25589,1
12293,0
46746,1
3812,1
35603,0
42704,1
61595,0
58643,0
14069,0
50662,0
24687,1
12429,0
19302,0
46246,0
24337,0
3838,0
56687,1
2957,0
30312,0
19869,1
18968,0
54712,0
62549,1
15686,0
35671,0
35782,1
61257,1
26710,1
36733,0
21121,0
38769,0
16928,0
11468,0
10233,0
46337,0
30267,0
37516,1
38337,1
40761,1
60362,0
53368,1
10402,0
26433,1
34978,0
54648,0
38681,0
16301,1
9193,0
31257,1
41088,0
33423,1
11808,0
39788,0
24897,1
51959,0
15397,1
46965,1
59870,1
28609,0
50144,0
33484,0
3653,0
45794,0
57944,0
59036,0
13798,1
14508,0
36801,1
3021,0
21864,0
35705,0
19024,1
25655,1
52652,1
13568,0
9182,0
49132,0
60249,0
12632,0
3782,0
16869,1
40478,0
22362,0
27270,0
13126,0
57258,0
26725,1
53755,0
15952,0
11534,0
48015,1
42418,1
63262,0
53491,0
57046,0
6791,0
60643,0
45978,0
36812,0
46791,0
8041,0
59626,0
6332,0
7232,0
41888,1
44890,0
58450,0
27334,0
8474,1
36603,0
31327,0
34634,1
22359,0
48415,0
41236,1
54026,0
47015,0
25263,0
1942,0
43163,0
47281,1
59566,0
3540,0
22266,0
24180,0
50529,1
56046,0
53008,1
16337,0
32509,1
43755,0
24497,0
46808,0
8885,0
10624,1
55318,1
62195,0
7854,0
61186,0
35645,1
55285,1
42157,0
15450,0
17362,1
15774,1
8922,0
11004,1
53325,0
62474,1
61704,0
2089,1
49116,1
27635,1
6853,0
8509,0
51089,0
58442,1
4184,1
31515,1
54623,0
28265,0
53902,0
36983,0
29541,0
51247,0
36281,1
40372,1
39819,0
25540,0
57753,1
42476,1
28568,0
15942,0
12100,1
24338,0
24398,0
29270,0
34544,0
11491,0
59917,0
13626,0
45706,0
62439,0
3175,0
34842,0
35848,1
53423,1
10525,0
11722,0
46363,1
19855,0
32337,0
56474,0
15568,0
56790,0
23112,1
56115,1
59062,0
56273,1
57720,0
6971,0
24741,0
52833,1
50740,0
58436,1
53577,1
43846,0
42279,0
33767,0
53710,0
2925,1
13769,0
31392,0
15974,0
12104,0
51969,0
44668,0
46734,0
34382,1
27405,0
5274,0
50685,0
801,1
10869,0
34676,1
37824,1
25898,0
19905,0
52185,1
58867,0
30426,1
18476,0
62296,0
54669,1
50807,1
7131,0
25148,1
16341,0
12539,1
14200,0
16471,0
17269,0
48859,1
17604,1
61683,1
49805,0
4913,0
42972,1
50421,1
52145,0
5849,1
51613,0
34748,0
51310,0
7919,0
26513,1
10876,1
30526,1
54258,0
34954,0
28148,0
16440,1
15398,1
58060,0
10484,0
20544,1
32142,0
53019,0
37510,1
51783,0
28028,1
21319,0
37039,0
47941,0
1112,0
11372,0
11676,0
9505,0
1270,1
40007,1
52663,0
10931,0
42136,1
44364,1
51737,0
50124,0
29276,0
56224,0
57325,1
11965,1
7628,0
29144,1
18098,0
50853,1
59727,0
56871,1
16945,0
13531,0
44715,0
25135,1
31491,0
57645,1
55612,1
2718,0
40803,1
2971,0
52435,1
41708,0
54098,1
21571,0
26517,0
3975,1
27307,0
28623,1
40777,1
2550,0
5169,1
35585,0
56284,1
5463,1
8732,1
57073,0
34512,0
40053,0
56545,0
9240,0
38367,0
8411,0
54075,1
23565,1
39891,1
33348,0
53780,1
62621,1
48037,0
59080,0
7209,0
8289,0
23071,0
43267,0
27703,0
3960,1
35316,0
15640,0
33630,0
36186,0
37415,1
25252,0
6879,1
41655,1
25509,1
58955,1
62603,0
51397,0
56290,1
8194,0
8939,1
43578,0
8233,1
55299,0
33001,0
29955,0
3663,1
6113,0
10518,0
59304,1
46528,1
6685,0
32653,0
61915,0
10523,1
60636,1
58654,0
27971,1
12652,0
41856,0
37007,1
41776,1
61867,1
31303,1
62911,0
60962,0
33225,1
34232,1
41153,0
43295,0
49489,0
39189,0
10340,0
28661,0
28562,0
35330,0
49397,0
46578,0
62199,1
10774,1
12999,0
21882,0
7272,0
6541,0
36416,1
27347,0
9914,0
42383,1
7282,1
51321,0
31109,0
16881,0
13533,1
46588,0
22821,0
16476,0
28025,0
17069,0
23114,1
46732,1
57015,1
24194,0
22570,0
52161,0
52656,0
9749,1
50370,1
21579,0
60060,1
50392,0
32983,1
46981,0
19040,1
15306,0
49018,0
6729,0
33524,1
38075,0
48998,0
55473,0
34535,0
34582,1
32545,0
40262,1
40693,0
58280,0
31282,0
31517,1
43203,0
490,0
48397,0
31182,1
46434,0
37901,0
12236,0
7167,1
44120,0
55302,0
228,0
31020,1
16925,0
14442,0
41687,0
8450,0
61666,1
55554,1
9306,0
36822,0
10686,0
48181,0
56585,1
31751,1
13794,0
48519,1
18949,0
56961,0
58993,1
59436,0
45966,0
29483,1
62693,0
45623,0
8435,0
50888,0
40683,1
63198,1
1963,0
32007,0
61380,1
4078,0
14813,1
50793,1
31066,1
59390,1
3723,0
35550,0
60713,0
30306,0
32210,1
22658,0
5268,1
59028,0
54597,0
47557,1
21687,0
48322,0
55053,0
22199,0
45288,0
36509,0
15932,0
14565,0
58155,0
44404,0
48157,0
4370,0
26208,0
56535,1
41633,0
39637,0
52154,0
9873,0
27797,0
49157,0
34979,0
49627,0
15233,0
31057,0
35053,0
41195,0
58006,0
46216,0
4353,0
20367,1
51268,1
30379,1
53412,1
56488,0
23168,1
31072,0
38983,1
7661,0
44190,0
14806,1
27073,0
48311,1
42015,0
39,1
16205,1
33359,1
22436,0
61870,1
44366,0
26557,1
59667,1
2954,0
30990,1
40547,0
4086,1
18335,0
19879,1
21361,0
28766,1
9389,0
41967,0
52896,0
39245,0
48801,0
2474,0
21866,1
48850,0
39290,0
50050,0
60554,1
16710,0
31375,1
37827,0
13464,0
62037,0
9072,0
53659,1
13163,0
60708,0
33255,0
54469,0
42270,0
57945,0
36849,1
26430,0
12111,1
27529,0
21078,0
38696,1
40493,0
20490,0
24602,1
47124,0
39470,0
42737,0
58882,0
49205,0
58127,1
38487,0
61150,0
57528,0
59013,0
1582,1
12092,1
32388,1
53171,1
24596,0
32577,1
57724,1
22723,1
18207,0
56294,1
53737,0
49720,0
6856,0
57778,1
49893,0
16311,0
7384,0
30269,0
34007,0
29081,1
4748,0
1526,0
52466,1
23467,1
43244,1
38854,1
57069,1
48775,0
28966,0
49592,1
28805,1
11153,1
7267,1
36495,0
33304,0
57895,0
24415,0
54162,1
28181,0
61628,0
19132,0
38191,0
9558,0
37747,0
30091,0
45442,0
37304,1
23476,0
14608,0
23769,0
57690,0
5408,0
3227,1
37763,1
16028,0
634,0
39202,0
23958,1
5370,1
2461,0
60546,0
17382,0
45678,0
7037,0
15827,1
26257,1
58789,1
43240,0
40059,0
36470,0
29856,1
57943,0
53082,1
60455,0
5354,1
55685,0
26594,1
52388,0
62533,0
31015,0
3526,0
34070,1
61090,0
4931,1
6620,0
43344,0
32533,0
19111,0
40924,0
37232,0
27156,0
36426,1
19939,0
5158,1
46477,0
1639,0
51084,0
55481,1
35691,1
28886,0
1629,1
50609,0
57085,0
26712,0
10504,1
37140,1
6944,0
53232,0
45182,0
57129,0
24984,0
25877,0
63075,0
51810,0
24301,0
41746,0
35514,1
9709,1
17920,0
19417,1
42386,1
30068,1
14416,1
3693,0
4684,0
31113,0
25724,0
11148,0
44566,0
50607,1
60751,0
52672,0
32529,1
8924,0
49847,0
3844,0
38890,0
1045,1
12675,0
13325,0
4021,0
35762,1
6632,0
9623,1
31855,0
15643,0
12202,1
1306,1
12389,0
61649,0
36268,0
62835,1
53686,0
26382,0
56514,1
13286,1
44824,1
31300,0
48524,0
9934,0
59998,0
34793,1
3495,1
9754,0
1064,1
34198,1
47055,1
32201,1
16432,0
39047,0
32186,0
44674,0
39568,0
39205,0
39467,1
31355,0
50543,0
10297,0
55374,1
40111,1
58613,0
55508,0
35943,1
2117,0
26858,0
56785,1
27094,0
34079,0
53656,1
6770,0
53576,0
8349,0
5924,0
45923,0
51926,0
31127,1
25743,0
56655,0
57853,0
25108,0
51099,0
3017,0
62488,0
19236,1
16988,0
43965,0
54672,1
1710,1
8166,1
54989,1
23752,0
30258,0
43449,0
39313,0
17386,0
49916,0
11668,1
5778,0
49217,0
44005,0
16043,0
60705,1
12423,0
20561,0
35278,1
13131,0
44334,1
30394,0
6199,0
2740,0
40278,0
42107,1
47404,0
663,0
7288,1
8737,1
35203,0
27917,0
17966,1
58506,0
7327,0
24637,1
3376,0
46286,1
33863,1
25708,1
50911,0
36111,1
23240,0
5242,0
24203,0
58896,0
32070,0
4496,0
62283,1
45048,0
60018,0
9526,1
60638,1
23363,0
45318,0
38896,0
14639,1
38244,0
58772,1
15738,0
38263,1
56116,1
317,1
62926,0
51300,0
39702,1
30203,0
46653,0
18713,0
43542,1
13331,0
56341,0
52547,1
56419,0
34491,0
4762,1
47874,0
20223,0
3536,0
28256,0
33995,1
3029,0
8398,1
44301,1
16317,0
55778,1
16801,1
12165,0
44689,0
30362,0
43265,1
10081,0
52311,0
34179,1
48149,1
40970,0
27995,0
51228,0
13282,0
45763,1
35602,0
54576,1
49254,1
32793,0
47588,1
48136,0
42608,0
9975,1
61515,1
28101,1
59406,0
12101,0
47381,0
19546,1
19335,0
48249,1
5565,1
38095,1
53516,0
48713,1
5451,1
28747,0
46730,0
56879,0
542,0
25353,0
2756,0
41607,0
9565,0
37367,0
18967,0
2576,0
26364,0
35989,0
32906,1
58920,0
24376,1
55814,1
34572,0
60457,0
36342,0
7140,1
15361,0
32262,1
429,0
30204,0
30395,0
41237,0
28964,0
49640,0
50651,1
2141,0
29727,1
31625,0
25780,1
18381,0
32179,0
58641,1
54984,0
2602,0
34150,0
52077,0
32914,0
9366,0
31940,0
46033,0
11584,0
35648,0
29638,1
46584,0
9176,1
37491,1
3427,1
37622,0
19366,1
13008,0
35913,1
45131,0
38941,0
16428,1
46668,0
56238,0
31576,0
45505,0
23277,0
37386,1
36664,0
3143,0
28336,1
42172,0
4888,1
29376,0
25228,0
36867,0
38624,0
40913,1
19448,0
57056,0
25277,1
5061,1
12448,0
34033,1
52923,1
6437,0
17973,0
2589,0
30719,0
28287,0
28195,0
57054,1
50327,1
38665,1
41298,0
56885,1
37814,1
2054,0
56986,0
39396,0
23917,0
54987,1
53979,1
717,1
3283,0
10093,1
3983,0
30082,0
48505,0
22701,1
53434,0
33947,0
7774,0
8487,0
35443,0
35495,1
39712,1
727,1
6823,1
42033,1
50246,1
17951,0
19826,0
40415,0
19967,1
31585,1
44243,1
22536,0
47759,0
10873,0
57099,0
50834,1
58233,0
17948,0
53389,0
18086,0
18436,1
14919,0
19463,0
44923,0
54269,0
11020,0
5999,1
39519,0
40581,0
3835,0
20548,1
17021,1
14226,0
39588,0
58820,0
20423,0
7788,1
20051,0
1398,1
47927,0
4649,0
45142,1
21948,0
7945,1
25812,0
18238,0
45628,0
27438,0
2225,1
62996,0
53920,0
60749,0
28285,1
13724,0
23931,0
37674,1
2005,0
52281,0
39960,0
54382,0
9610,0
29543,1
38592,0
50903,0
8797,1
18992,0
176,1
46727,1
11109,0
25439,0
18200,1
12376,0
17915,1
62253,0
48084,1
26627,1
24928,0
34384,1
4504,0
18483,0
21424,0
60811,0
59989,0
11220,0
30842,0
46954,1
57606,0
40805,1
19652,1
23800,0
862,0
2888,0
20639,0
23118,1
63244,1
32342,0
46139,0
45673,0
41348,0
59046,0
25639,0
50863,0
38778,0
44749,1
22393,0
27267,1
17755,0
34159,0
1422,0
1050,0
50599,0
25281,1
55237,1
11937,0
55632,1
60282,1
28764,1
59974,0
46270,0
56938,0
36477,0
15532,0
4228,0
57938,0
10172,0
40072,1
5838,1
12811,0
268,0
16303,0
10983,0
19399,0
35324,1
34437,1
8086,0
44198,1
62036,0
3475,0
55186,1
20030,0
29912,0
29870,0
63071,0
43933,1
14402,1
31445,0
45795,0
26399,1
56600,0
1977,1
63029,0
61893,0
1777,1
28453,0
58135,0
8996,1
37262,0
57281,1
7220,0
51386,0
28569,0
16193,0
20932,1
12089,1
31442,0
37120,0
26001,1
26957,0
46031,0
35553,0
15080,1
7625,0
47356,0
8634,0
31544,0
35344,0
59149,1
35570,0
45731,1
5097,0
7026,0
4163,0
21540,1
10390,1
20564,1
26436,1
50865,0
29812,0
6255,0
14319,0
59164,1
39358,1
34961,0
38325,1
36365,1
61678,1
60215,0
4674,0
10127,0
31482,0
44420,1
46984,1
34744,0
47072,0
50018,0
25180,0
39086,0
13476,1
7907,1
53346,0
42783,0
23664,0
32356,0
40337,0
5276,0
51989,1
1647,0
46325,0
22930,1
21160,0
15559,0
13833,0
59887,1
7648,0
43464,0
12825,0
28709,0
55977,0
59503,1
34475,0
7667,0
38047,0
20749,0
51444,0
51571,0
12882,0
43545,1
1911,0
59150,0
58268,0
12556,0
15251,1
2030,0
61489,1
1517,0
45551,1
59167,1
20972,1
16223,0
59173,1
22370,1
35052,0
43593,0
54281,1
154,1
11538,0
7872,0
43153,0
12880,0
15857,0
33417,0
50682,0
18756,0
25121,0
14024,0
55312,1
37802,0
59999,0
38414,1
51060,0
33485,1
45201,0
49242,1
4571,0
22114,0
24512,0
25341,0
18261,1
6897,0
41589,0
28706,0
56781,0
54894,0
29304,1
28311,0
7568,0
44266,1
1219,1
31509,1
8467,1
55547,0
30777,1
29821,0
14397,0
59228,0
15791,0
30429,0
26229,0
45380,1
34106,0
10585,1
54139,1
16629,0
44153,0
25394,0
3362,0
15357,0
38489,1
23444,0
15584,1
38364,0
59183,1
23235,0
2715,0
5085,0
21593,0
22434,1
8062,1
13505,0
50157,1
18198,0
42382,0
10538,0
15473,0
10017,0
44662,0
17891,0
28504,0
34225,1
35779,1
23765,0
42959,0
28053,0
40522,1
27316,1
17038,1
32324,0
37559,1
26135,1
49717,1
28068,1
28533,0
19166,1
13432,1
23340,1
1297,0
20944,0
54345,1
43405,0
38218,1
35026,0
45091,0
21468,1
53156,1
4767,0
29272,1
29435,1
63280,0
25664,1
60922,0
16689,0
44932,1
45500,0
17246,0
23352,0
2445,0
23921,0
18314,1
4981,0
39753,0
18612,0
10207,0
16750,0
54314,0
31554,1
17248,0
30968,0
30875,0
4799,0
39002,1
30003,1
44766,1
57498,0
52835,1
7843,1
58703,0
22864,0
56455,0
6758,0
1468,0
48613,1
50728,0
49677,0
34393,0
15674,0
55293,0
12900,0
6352,1
58190,1
44020,0
5440,0
20663,0
54605,0
32104,0
48122,1
33688,1
62696,0
17764,1
41379,0
56524,0
41000,0
6603,0
37340,0
36765,0
2085,0
57493,1
23369,1
60786,0
27266,0
34182,1
47238,1
45534,0
52093,0
15089,0
46882,0
58041,0
48316,0
39593,0
32329,0
2726,1
45486,0
53243,1
7504,0
53458,0
768,0
5823,1
53257,0
38102,1
56661,1
61179,0
6062,1
45240,0
43554,1
10736,0
27067,0
11229,0
43962,0
48938,0
7078,0
21389,0
58194,1
52542,0
45436,0
44240,1
58705,0
32286,0
23087,0
53262,1
27429,0
47607,0
46779,1
54723,0
37630,0
50755,0
15133,1
15400,1
16605,0
60415,0
36982,0
49826,1
41588,0
24698,1
21622,0
25666,1
1491,0
46659,0
42581,0
10615,1
25596,0
56359,1
53584,0
56988,1
2808,0
37758,1
58549,1
43126,0
25513,0
55499,0
15882,0
30341,0
43803,0
15199,0
40320,0
57558,1
62679,0
22492,0
38650,1
2078,0
29,0
42127,0
118,0
57589,0
50085,0
56949,0
37464,1
6051,1
20146,1
7533,0
41194,0
14108,0
47410,1
54961,0
6139,1
1414,0
974,1
58231,0
18800,1
5017,1
22231,0
30130,1
8224,0
33188,1
27666,0
3374,0
8992,0
24106,0
16649,1
6621,1
4564,1
36347,0
41999,0
32744,1
61183,0
46068,1
28822,0
50154,0
25372,0
36836,0
4678,0
34170,1
53167,0
38578,1
19238,1
52403,1
32585,0
54081,1
3657,0
16653,0
44389,0
18586,0
6494,1
47035,0
37714,0
12118,0
31779,0
6296,0
37781,0
12396,0
50263,0
56792,0
42643,1
2229,0
24960,0
50,1
14847,0
53819,0
5131,0
12600,0
39823,0
9531,0
45029,0
49231,0
11316,0
36333,0
60845,0
18231,0
24473,0
50123,1
6771,0
9795,0
55849,0
39648,0
14548,0
45672,0
25957,0
39302,0
28726,1
56967,0
23680,1
39907,1
130,1
15551,1
50286,0
21130,0
26500,0
42765,0
30607,1
59782,1
20901,0
16427,0
2662,0
19124,0
47789,1
6822,0
23427,0
49676,0
22686,1
21103,1
2551,1
60729,0
59337,0
42352,0
41151,0
54581,1
32746,0
19127,1
39156,0
37434,0
56267,1
13227,1
38173,0
8463,0
43993,0
42451,0
25975,1
4814,0
23742,1
31002,0
51508,0
24832,0
41364,1
1325,1
21448,1
26362,0
30186,1
58942,0
45219,1
4809,0
29678,1
38581,0
33456,0
38781,1
33467,0
9576,0
25727,0
12868,1
20403,1
336,0
16497,1
20230,0
36748,0
13439,1
53031,1
38127,1
11923,0
20087,0
41649,0
62998,0
23224,0
44736,0
28670,1
9757,1
11039,1
20711,0
56448,0
9272,1
59187,1
6710,1
20290,1
10901,0
47730,0
35115,0
54556,0
14352,0
38912,0
51572,0
50990,0
50612,0
43075,0
58337,0
41853,1
44299,0
45804,0
11913,1
3148,0
3593,0
50760,0
52678,0
24488,0
37459,1
27535,0
62254,1
54703,0
56392,0
50895,0
59460,0
63205,1
60608,1
18948,0
16254,0
20895,0
45913,0
15628,1
55404,1
15090,0
60621,1
57744,1
18971,0
20640,0
11249,0
22644,0
40392,0
45939,0
62220,0
57509,0
26731,0
14861,0
2733,0
51738,1
53258,0
60299,1
5264,0
7675,1
6724,0
708,0
53728,0
16226,0
8779,1
44722,0
8206,1
10897,0
20093,0
47090,0
59279,0
27839,0
55630,0
23271,0
60394,0
45355,0
46219,0
157,0
765,0
14374,1
51973,0
60927,0
30388,0
10392,1
38019,0
42807,0
38519,0
36779,1
63008,0
55208,1
18119,0
43051,1
62449,0
7812,0
42717,1
45838,0
44555,0
52666,0
56251,0
34587,1
9045,1
38229,0
7472,1
38925,0
16293,0
14095,0
46009,0
57376,0
3502,0
2001,1
15490,0
22148,0
56648,0
45003,1
59182,1
34631,0
23323,1
55992,0
5019,0
3209,0
13912,0
52548,0
1234,0
40854,0
43782,0
53147,0
53734,0
44181,1
33343,0
60857,0
24572,0
62300,0
12546,1
32989,0
15177,1
55664,0
34299,1
41322,0
58982,1
35733,0
3997,0
53556,0
50500,0
38036,0
45177,1
11155,0
43931,0
37520,0
488,0
49911,1
42993,0
48259,0
18650,0
27972,0
37613,0
20988,0
43653,0
17339,0
42326,1
27462,1
4253,0
60968,0
16484,0
19058,0
40856,0
60665,1
37629,0
44359,0
12902,0
52468,1
41458,1
23795,0
25553,0
62290,0
47201,0
46662,0
12433,0
8649,1
26982,0
51581,1
38716,0
39356,0
36906,0
12941,0
49776,0
1625,1
17237,0
21324,0
33282,0
42613,0
28024,0
53326,0
10267,0
20,0
59563,1
27632,0
9380,0
36625,0
48426,1
25817,0
23617,1
28203,0
33585,0
7604,0
25633,0
52609,1
39790,0
13506,0
13956,0
61119,0
14632,0
45290,0
53083,0
39948,1
37168,0
60160,0
58075,1
34245,1
44392,1
15957,1
57562,1
27104,1
50841,0
1054,1
38680,1
58307,0
11003,0
14439,0
6201,0
36518,0
35739,0
46776,0
31986,0
741,0
10041,0
4033,0
45518,0
4563,1
8295,0
17309,1
59542,1
28993,0
18158,0
47489,0
14195,0
24719,0
1032,0
3424,1
31649,1
60277,1
41555,0
41566,0
48882,0
53252,1
19175,0
48864,1
37272,0
23936,0
10564,0
17852,0
13306,0
50389,1
25608,1
27241,0
31095,1
43377,1
11435,1
3806,0
21504,0
34046,0
46581,0
40591,0
9372,0
24772,0
5160,1
11034,0
22009,0
8107,0
52447,1
53810,1
40498,0
49058,1
1655,0
47701,0
13176,0
58144,0
16336,0
2069,0
22284,0
13906,0
52854,0
13532,0
10445,1
17888,0
56073,0
57355,1
18366,0
40829,1
61020,0
56127,1
6070,1
30800,0
32446,0
14148,0
52306,0
9178,1
15831,1
51824,0
18895,0
6766,0
38197,0
12254,0
45171,0
45262,0
58940,1
41262,1
43928,1
34846,0
50398,0
40489,0
29915,0
26869,0
53682,0
20831,0
1569,0
11385,0
14093,0
56191,0
52767,0
36598,0
61651,1
57736,1
34734,0
55571,1
11652,1
3855,1
51665,1
50752,0
2868,0
37591,1
47355,0
14593,0
13425,0
21813,0
21636,1
23188,1
61286,0
42155,0
38787,0
46177,1
286,1
14021,0
52796,1
63085,0
16180,0
42831,1
17259,0
17081,0
26831,0
42811,0
43471,0
27030,0
20126,1
392,1
41615,0
48427,0
34309,0
37404,0
37860,1
61685,1
16784,0
48198,0
21189,0
29066,0
33532,0
58519,1
23789,1
22852,0
21913,0
29396,0
61579,0
39452,0
21650,0
38302,0
47932,0
47991,1
40570,0
4285,0
29702,0
9699,0
31163,0
42306,0
4890,0
32977,0
40507,1
30480,0
4028,0
5508,0
21714,0
33048,0
25327,1
50357,0
16203,0
60102,0
16247,0
20583,0
21961,1
12971,1
12490,0
12466,1
36360,0
55309,1
6596,0
15519,1
5444,0
44999,0
56413,1
7607,0
13016,0
39072,1
40378,1
6513,0
58349,0
56920,0
26310,1
62206,0
5753,0
14321,0
43935,0
32769,0
6970,0
20699,1
47320,0
10450,0
12894,0
29520,0
1465,1
60035,0
4188,0
17098,0
50672,0
19633,0
39383,0
9194,0
828,0
61539,1
32263,0
39139,0
26945,0
61426,1
53733,1
34208,1
9381,1
31350,0
33963,1
51183,1
120,1
7534,0
34115,0
17977,0
27453,0
2423,0
3326,0
42110,0
63179,0
25125,1
35661,1
27638,1
32127,0
7783,0
14773,1
29124,1
6253,0
53848,1
27366,0
40239,1
56699,0
6285,1
23501,1
39483,0
12709,1
8143,1
38596,1
20967,0
59929,0
23827,0
54829,1
57518,1
48408,0
36844,1
51767,0
20876,0
6280,0
52113,0
8165,0
38931,0
33458,1
34888,0
13866,0
44406,0
20178,0
33512,0
23570,1
10734,0
4498,0
15056,0
27748,0
623,0
35403,1
40251,1
43084,1
2107,0
45295,0
3509,1
34594,0
17541,0
35093,0
4194,0
9040,0
48695,1
40747,0
4040,0
60256,1
9850,1
28951,1
60298,1
19050,1
62761,0
55243,0
54749,1
8264,0
3354,0
43425,1
44201,1
33607,0
59204,0
21779,1
17369,1
53390,0
1457,1
23772,0
50698,0
32764,1
41248,1
37580,0
17029,0
51648,1
21141,0
3070,0
45850,0
47492,0
31765,0
38923,1
29273,1
15966,0
20545,1
30474,0
39872,0
11000,0
27911,0
34336,1
13486,0
51881,1
60520,0
61852,0
57541,1
42605,0
47813,0
11918,1
20000,0
16006,1
19524,0
48384,1
14166,0
3749,0
1548,0
13932,0
29850,0
52933,1
48958,0
1855,0
31232,0
20455,0
53484,0
40464,0
34903,0
30783,0
14142,1
16224,1
23024,1
62023,0
27664,0
37941,1
4916,0
50660,1
49751,1
4385,0
5605,0
8485,0
16603,0
19194,1
1324,0
9635,0
53693,0
53997,0
44111,1
9039,0
27878,0
38634,0
44813,0
38774,0
6698,0
34036,0
51844,1
32745,0
50960,1
46993,1
58459,1
49766,0
16508,0
18794,1
17171,1
15414,0
57125,0
6642,0
3073,0
31588,1
21454,1
45328,1
29592,0
50204,1
25505,0
60388,0
14198,0
10721,0
54924,0
20733,0
49347,0
54158,0
21087,0
36616,0
20449,0
41867,0
38315,0
53594,1
40617,0
24289,0
62544,0
52105,0
8646,0
52163,0
30213,0
26573,0
7562,0
4096,0
29220,0
42889,1
23439,0
35322,0
46214,0
26226,1
56530,0
59366,1
33937,0
33543,0
52958,1
53291,0
10633,0
62306,0
60171,0
59735,1
7805,0
55811,0
59378,1
54441,0
57221,1
35508,1
39186,1
37427,1
13009,1
8877,0
10855,0
44491,0
52769,0
38101,1
34808,0
40664,1
3190,1
1303,1
18352,1
6246,0
46875,1
23865,0
1143,0
23684,0
5774,0
52198,1
62,0
33069,1
58699,0
33888,1
37170,0
49515,0
454,0
51005,0
42052,1
45193,0
8869,0
40823,0
30747,1
29358,0
4734,0
7,0
19930,0
45092,0
12256,0
26531,0
49138,0
44,1
62933,0
5920,0
7289,0
28852,0
50274,0
2294,0
8063,0
45242,0
44871,0
33038,1
31786,0
4389,0
51877,1
46743,1
21112,1
13323,0
4440,0
27381,0
38594,1
24422,1
29755,0
14814,1
23656,0
732,0
27648,0
34039,0
10618,1
49764,0
19455,0
26671,0
61574,1
32451,0
10386,0
39609,0
53934,0
21084,0
30546,1
54271,0
45493,0
28375,1
46937,1
22040,1
52768,0
5783,1
20371,1
50630,1
54467,0
22379,0
53954,0
49310,1
22568,0
55537,0
19840,0
28799,1
29635,0
26933,1
23855,0
24136,0
15228,0
56493,1
47300,0
39692,0
32861,0
33870,0
62922,0
60379,0
56899,1
33972,1
59795,0
55792,1
12019,1
3874,0
12931,0
5629,1
51842,1
2106,1
10765,0
38454,0
12026,1
13537,0
52909,0
39274,0
38451,0
46956,1
17949,0
39214,0
6138,0
6969,1
20325,0
57196,0
47084,0
49285,0
13674,0
51062,0
27817,0
50360,1
35754,0
33771,1
8772,0
52269,1
28513,0
5310,1
28434,0
40346,0
6979,0
18479,1
41929,0
14206,0
7733,0
5714,0
10769,1
31665,0
8979,1
10588,0
29099,1
5977,1
27686,0
685,0
10531,0
49415,0
51077,0
63322,0
25303,0
37670,1
50150,0
5739,0
28329,1
44279,0
60386,1
11978,0
23459,0
28237,0
38574,0
8526,1
49208,1
52982,1
43062,1
23722,0
51335,1
11899,1
52704,0
19616,0
63238,1
15513,1
1758,0
42610,0
60859,0
4300,1
18258,0
50051,0
19247,0
33281,1
32916,0
52304,0
7383,1
18499,0
12642,0
15983,1
25993,1
15318,1
24677,1
26190,0
29667,0
60663,1
29496,0
14253,0
29384,0
9037,0
7768,1
37803,1
38887,0
41257,1
1077,0
62652,1
26881,0
38667,1
43483,1
62032,0
40428,1
15338,1
57561,0
40029,1
62859,0
60462,0
20965,1
38434,0
52622,1
513,0
33794,1
32477,0
57231,0
9251,0
27495,0
32590,0
17690,0
61368,0
44777,0
2009,0
23529,1
10844,0
21702,0
5781,1
49032,1
33935,1
11338,0
2193,0
38917,0
23880,0
61364,0
47470,0
41018,0
20502,0
28007,0
51710,0
44224,0
3234,1
49715,1
9222,0
14399,1
9746,0
6617,0
34558,0
37992,0
7165,0
38276,0
49702,0
36631,1
46624,0
36855,0
59670,1
11656,0
12059,0
532,0
38156,0
49270,0
2032,0
1565,0
27102,1
922,0
23732,1
56850,1
6780,1
3741,0
37626,0
4350,1
4545,1
18532,0
29141,0
39798,0
55528,0
58793,1
60333,1
61592,1
22577,1
11828,0
56776,0
20191,0
24629,1
51420,0
17367,0
47978,0
24853,0
55480,1
10101,0
36195,0
15354,1
41182,0
49673,0
18697,0
40791,1
33915,0
26877,0
20182,0
55361,1
13317,1
62522,0
58468,0
48097,0
52484,0
26866,0
56000,1
26564,1
35933,1
23423,1
16755,1
27031,0
31805,1
40030,0
54244,1
45711,0
16134,0
31413,0
36686,0
10540,0
7968,1
62975,1
1939,0
23130,0
13612,0
12467,0
61135,1
41919,1
31787,0
45635,0
47636,0
40175,1
56163,1
55691,0
21236,0
44308,1
48127,0
52848,0
10463,0
14772,0
2530,0
55061,0
20632,0
934,0
45924,1
20633,0
13036,0
143,1
42727,0
3661,0
3647,0
37049,1
15535,0
19062,1
17486,0
61961,0
11022,0
27636,1
57656,1
23734,1
61239,1
44283,0
53697,0
25075,0
34879,0
6760,1
30382,0
56948,0
5042,0
5351,1
58330,0
30848,1
43706,0
51522,1
17551,1
21421,1
20759,0
40941,1
35656,0
57438,0
18654,0
36459,0
12714,1
18013,1
1263,1
16092,0
60055,1
4170,0
17936,0
18239,0
21917,0
29211,1
35775,0
58170,0
30731,1
14425,0
56203,0
40785,0
28160,0
43381,1
4314,0
56596,0
33889,0
51785,0
20014,1
9933,0
56407,0
62706,1
3047,0
23443,0
22910,1
58298,0
22356,0
24736,1
11565,0
56053,0
58837,0
21906,1
36130,0
1283,0
13772,1
5570,1
43290,1
49990,1
51165,0
22567,0
13278,0
61754,0
35979,0
41173,0
15897,0
26049,1
12412,1
25745,0
49447,0
28231,1
43357,1
61439,1
49191,1
49273,0
14340,0
21755,1
2357,1
2213,1
22563,0
35058,1
62842,0
37815,0
59768,0
33022,0
29119,0
13435,1
63248,1
61486,0
48059,1
61167,0
34447,1
27022,1
1293,1
122,1
2897,0
7538,0
36074,0
52693,1
57563,0
62122,0
12741,0
6081,0
51751,0
6831,0
16135,1
36989,0
60269,1
4144,0
11771,1
4647,1
21935,0
51942,0
57595,0
57049,1
38655,0
19389,1
31104,0
42990,0
7560,0
10354,0
58094,1
6027,0
12574,0
35412,0
57737,1
42350,0
62879,0
11094,0
3539,0
12653,0
38836,1
31254,1
25854,1
57813,1
9190,0
5021,0
14839,1
62491,1
49894,0
61917,1
6480,0
60024,1
48498,1
51776,0
22476,1
65,0
50177,1
20832,1
17480,0
17169,1
47533,0
56679,0
36300,0
23059,1
6061,1
33482,1
13284,0
44239,0
56136,1
25721,0
59457,0
14513,0
57035,0
38856,1
20634,0
11546,0
52587,0
42675,1
4868,1
37385,0
49467,0
27514,0
38391,0
21851,0
52788,0
2972,1
33772,1
37994,0
20579,0
20375,0
55245,1
23395,0
51401,0
2660,0
7693,1
32053,0
39705,1
52537,1
36133,1
44304,1
46681,0
12188,0
57052,0
19347,1
55511,0
27076,0
36240,1
46512,0
45760,0
40388,0
61392,1
25707,0
47984,0
59143,0
27990,1
27789,1
15594,1
34166,0
55967,0
18739,0
53277,0
6271,1
52055,0
19848,1
41405,0
38332,0
7824,0
6650,0
23492,0
46047,0
29331,0
20543,1
31526,1
10035,1
59259,1
54949,0
43547,1
34820,0
51330,1
39360,1
51846,0
47456,0
25987,0
12415,0
23724,0
47326,0
36346,1
19976,0
32802,1
25492,0
42724,0
31617,0
25352,0
47639,0
61665,0
41823,1
15472,0
45526,0
16079,0
40441,0
27074,0
29064,1
23217,1
39856,0
57962,0
33788,1
38420,0
35364,0
16892,0
15481,1
9897,0
10493,0
32382,0
5552,0
18789,1
31196,1
6972,0
28324,1
11343,1
45980,0
6904,0
48216,1
54981,0
41740,1
31836,1
52874,1
35123,0
56753,1
33434,1
18491,1
32129,1
750,0
27665,0
51237,1
60181,0
45427,0
1507,0
32614,1
42193,1
50317,0
21772,0
988,1
1139,0
49006,1
55743,1
58655,1
51711,1
17822,0
38473,1
46019,0
60592,0
49458,0
3097,1
23762,0
44380,1
30874,1
10356,0
17856,0
7910,0
37575,0
40524,0
15337,1
8312,0
13746,0
15009,1
44843,0
34875,0
59624,0
52722,0
10077,1
36338,0
18743,0
9776,1
50790,0
11292,0
24401,0
42503,0
34554,0
24941,0
9658,0
3650,1
22010,1
2651,0
33299,0
26220,1
35828,0
56074,0
56588,0
20430,1
26623,0
18590,0
29082,0
16826,1
36112,0
44945,1
3054,1
33233,1
19301,0
17668,0
63146,0
21022,1
46361,0
34395,0
48062,0
45006,0
2861,0
61078,0
24988,0
7875,0
30052,1
49956,1
27515,1
11377,0
30115,0
35931,1
6735,1
19255,0
6824,0
14184,1
14907,0
7793,0
52139,0
21960,1
44642,0
62270,1
22882,1
5622,0
27934,0
45688,0
9081,0
21303,0
43577,1
14313,1
20447,0
19629,0
28462,0
20224,0
33600,0
62516,0
14762,0
28307,0
41921,0
41124,0
33951,1
39951,1
46201,0
17412,1
48736,1
20743,0
62542,0
32239,0
4551,0
40284,0
8529,1
30935,1
41895,1
7750,0
46646,0
30838,0
42091,0
31245,1
7656,0
2634,0
13291,0
13942,0
11571,1
27126,0
28755,1
10584,1
60806,0
17805,1
6827,0
23614,0
32197,1
31504,1
40273,0
15453,1
10643,0
4237,0
60641,1
19052,1
7992,1
38839,0
46657,1
43300,0
15933,0
7106,0
46076,0
58476,0
38934,0
49957,0
1802,0
4574,0
31436,0
18056,0
61831,1
26706,1
48959,0
54972,1
47513,1
30981,0
39237,0
20758,0
31291,0
41668,1
51594,0
15567,0
8558,1
3103,0
58630,1
55541,1
41471,0
36831,1
36605,1
20721,0
62282,0
38147,1
63196,0
61245,1
23306,0
53142,1
19601,0
5720,0
13924,0
53834,0
1590,1
20885,1
22269,1
8771,0
12441,0
38738,0
61675,1
16456,0
47310,0
59257,0
8596,1
5164,1
62604,0
62100,0
45137,1
19771,0
23261,1
20560,1
40308,0
21694,1
24372,0
32171,0
16522,0
35534,1
43679,0
58316,0
50917,0
41866,1
32493,1
41938,0
10070,0
30539,0
7882,0
24201,0
56093,1
32833,0
32156,0
22413,1
8191,0
35100,0
25624,0
16304,0
8068,0
33191,1
57382,1
6096,0
61660,1
27857,1
31126,0
10852,0
18269,0
2964,0
15320,0
50689,0
28300,1
46450,0
4355,0
10497,0
37985,0
55411,0
26351,0
45741,0
50328,1
37868,0
10894,0
7626,0
60762,0
60389,0
61954,1
39945,1
47408,1
10355,0
20877,0
22825,0
11436,1
20124,0
10250,1
10334,0
1593,0
46242,1
27180,0
4869,0
48195,1
9162,1
57247,0
57899,0
13787,1
45159,0
5913,0
10383,0
8565,0
16822,0
45899,1
45952,0
15609,0
39636,0
9047,0
5048,0
7541,0
48043,0
47612,0
27479,0
18597,0
1605,1
56118,0
32146,0
17120,1
42295,0
11151,0
10575,0
47219,1
30964,0
15317,0
6497,0
55165,0
36528,0
16414,0
27575,0
57948,0
34895,1
16539,0
6799,0
17916,1
26743,1
18415,0
40965,1
34669,0
11493,0
7513,1
49135,0
48628,0
13846,0
10667,0
10377,0
33848,1
51151,1
46966,1
18075,1
54737,1
1883,0
46249,0
47747,0
4915,0
41715,0
8739,1
26917,1
1132,0
62167,0
29910,0
37505,0
7745,1
16115,0
13570,0
15558,0
43607,0
34215,0
49090,1
49608,1
25882,1
35042,1
11384,0
56324,0
48872,1
21745,1
13019,0
51855,1
16215,1
52310,0
34405,1
719,0
6498,0
13945,0
35178,1
60836,0
25447,1
10625,1
44028,1
55210,0
44330,0
19323,0
28528,0
62871,1
34994,0
12203,0
15746,1
40793,0
60478,1
54102,0
40892,1
48410,0
35473,0
42240,1
33390,0
55966,1
11801,0
23180,1
40857,0
27377,1
55969,0
13263,0
12511,0
10305,1
39695,1
10023,0
23334,1
37097,0
59755,1
6517,0
11758,0
52444,0
47013,1
40501,0
41602,0
14255,0
43194,0
44084,0
44814,0
43683,1
37764,1
13488,0
23151,1
5670,0
10845,1
59991,0
35418,0
48437,0
12477,1
56059,1
27788,1
36093,0
288,0
19240,1
5842,1
8309,0
468,1
34196,1
10947,1
32295,1
56602,0
13701,0
11333,0
8623,0
12793,1
2265,1
38647,0
29459,0
21041,0
51410,0
46070,1
13395,0
30532,1
18486,1
14067,0
59535,1
52643,0
54898,0
6129,1
47199,0
28212,1
55265,0
36996,1
1154,0
39612,0
1362,0
51454,0
3134,1
31326,0
7763,0
55049,1
50601,0
51590,0
26843,1
37523,0
11446,1
16420,1
43195,0
39330,1
15372,1
13749,0
20746,0
47037,0
49311,0
38640,1
56381,0
24859,0
20624,0
41334,0
42494,0
3552,0
42680,1
58939,1
26042,0
53676,0
36149,0
49312,0
21988,1
48635,0
17693,0
58311,1
36092,0
21943,0
26839,0
2768,0
46041,0
50947,0
6501,0
56972,0
21661,0
23946,0
41494,1
28275,0
16307,1
10594,0
26123,0
34468,0
57851,0
783,1
56943,0
61487,1
1599,0
4264,0
37890,0
28577,1
3295,0
11304,1
7630,1
627,1
56691,1
33071,1
49197,1
12395,1
47046,1
61339,0
14323,1
24036,1
55956,1
50812,0
53808,0
31949,1
57742,1
2035,1
6249,1
40597,0
34915,0
46146,0
17494,0
13853,0
62266,1
53429,0
23661,0
655,1
62298,0
5998,0
51954,0
48082,1
62980,1
18815,1
61006,1
14464,0
44173,0
30825,0
31879,1
10100,1
56733,0
21137,0
7608,0
20210,0
7984,0
50696,0
61739,0
27315,1
20308,0
52921,0
4908,0
58095,0
23913,0
56880,1
56378,0
35378,0
61789,1
11329,0
45953,0
26342,1
35963,0
60734,1
19279,1
878,0
19466,0
42603,0
46973,0
17666,0
47951,0
1595,0
24942,0
27557,0
32370,1
1160,0
12421,1
24661,0
5494,1
18192,0
38356,1
883,0
52877,0
9514,0
674,0
41719,0
57063,0
39509,1
21131,0
23998,0
17126,0
63000,0
37578,0
56004,0
63003,0
34782,1
43922,0
50687,0
5686,1
13675,0
2755,1
12994,0
44805,1
49539,0
60046,1
46022,0
52047,1
14618,1
63095,1
42774,1
7764,0
35605,0
57322,0
14490,0
57617,0
7157,0
27952,0
3130,0
13143,0
1906,0
16980,1
9543,0
47705,0
35745,0
34969,1
1171,0
16350,0
15506,0
58211,0
11831,0
41133,1
2352,1
36258,0
26372,0
11188,0
24393,0
35128,0
14192,0
63044,0
12311,1
17714,0
59034,0
27330,0
60349,1
57950,0
11108,0
29961,0
32471,0
48644,1
59959,0
15683,0
26335,0
28376,0
49832,0
8406,1
44809,0
730,0
15707,0
36618,1
31529,0
47519,0
33738,0
48320,0
58805,1
7497,1
46650,0
55588,0
22549,0
30071,1
57975,0
56457,0
28099,1
28982,0
37525,1
7465,0
39895,1
4858,0
46908,0
52267,1
42746,0
44874,0
58603,1
1675,0
32742,0
59348,1
3269,0
29037,0
42364,0
19578,0
391,0
35680,1
42141,1
24611,0
61873,0
13449,1
28331,0
36014,0
41242,0
24112,1
464,0
42366,0
33784,0
44121,0
14309,0
32220,0
33813,0
59499,0
49123,0
45410,0
27959,0
18082,0
30353,1
57738,1
29128,0
11530,0
16681,1
5916,0
29578,0
6483,0
54896,0
24748,1
10891,0
26300,0
46485,0
40038,0
47931,0
50692,0
3976,0
20131,1
52195,1
37931,1
4255,0
49302,1
55898,1
53038,1
18856,0
44751,0
55054,0
53905,0
58040,1
19070,0
32293,0
6608,1
48718,0
51370,0
38878,1
48371,0
30707,1
31004,0
14202,0
9011,0
18630,0
56386,1
46554,0
36248,0
29591,0
189,0
59338,0
33181,1
61485,0
6864,1
47105,0
34856,1
21262,0
52655,0
58363,0
18762,0
63056,0
9581,0
47628,1
28501,0
18175,0
27873,0
30198,1
31444,0
41552,0
945,1
28898,0
2317,0
60498,1
8662,1
35968,0
26666,0
10240,0
7523,0
44129,0
10407,1
37826,0
51484,1
39210,0
4319,0
35082,1
59817,0
2396,0
36708,0
18473,0
14229,0
32991,0
3328,0
36236,0
54753,1
10245,1
38613,1
62902,0
51622,0
36044,0
29863,0
33413,1
4887,0
26139,0
6301,0
38556,0
37318,0
14511,0
573,0
29838,0
7053,0
9282,1
10069,0
27820,0
12218,0
17827,0
49598,0
14569,0
20070,0
25158,1
47188,0
31038,1
51372,1
15167,0
37152,0
6543,0
39424,0
38560,0
52637,1
26617,1
36115,1
10406,1
52682,0
57271,0
2314,1
54448,0
38725,1
52349,0
17941,0
31108,0
25528,1
57846,1
54849,0
31453,0
34688,0
58496,0
16776,1
10826,1
62829,1
58992,1
40997,0
60664,0
62971,1
30630,0
27140,0
59035,1
50414,1
50576,0
12628,1
9951,0
40148,1
55101,0
63207,0
38204,0
39552,1
48389,0
34643,0
61407,0
62788,1
56971,0
35414,0
24534,0
9325,0
62882,1
52365,0
30222,0
28613,1
3467,0
44828,0
22173,1
25020,1
46810,1
1230,0
2384,0
48556,0
24412,0
36314,1
61115,1
15106,0
11362,0
49445,0
32378,0
30494,1
62987,1
53794,1
33886,0
48981,1
58058,1
10216,0
14535,0
53634,0
50354,0
97,0
8868,0
54148,1
54806,1
2305,0
50235,1
13264,1
43221,1
29109,1
42208,1
1094,0
45005,0
24410,0
27313,1
53713,0
37387,1
42368,1
44918,1
33159,0
43383,1
27483,1
17980,1
51375,1
58335,0
34344,1
51253,0
13875,0
19720,0
19357,0
49508,1
46433,0
14476,0
7244,0
55415,0
29748,0
19163,0
47773,1
59772,0
20669,0
63189,0
58634,1
60308,0
42203,0
38756,0
34390,0
626,1
32316,0
56590,0
26398,1
21401,0
54100,1
34308,0
50481,0
11735,0
41904,0
29327,0
35743,0
59521,0
7051,0
6374,0
3912,0
29101,1
34281,0
60995,0
2245,0
35735,1
2472,0
12276,0
12722,0
10456,1
10469,0
33469,1
23503,0
29042,0
62944,0
16152,1
34576,0
46940,0
32236,0
37518,1
22185,1
45785,0
22055,1
15053,0
25871,1
45285,0
39397,1
5011,1
44652,1
34042,1
18385,0
40827,0
32153,0
39339,0
41750,0
54781,1
22089,0
34443,1
62628,1
29933,0
30162,1
32032,1
475,0
31348,0
14382,1
22164,0
47711,0
12292,1
47085,0
2259,0
12519,1
60818,0
28486,0
14168,0
36920,1
41572,0
4169,1
40762,1
10841,0
34511,1
21374,0
57686,1
39389,1
37096,0
12585,0
40412,0
42134,0
35789,0
37012,1
41639,0
30169,1
48478,0
49320,0
24663,0
35763,0
35030,0
48580,0
18235,0
12125,0
16799,0
15945,0
4912,0
35231,1
13767,1
17215,0
19193,0
29371,0
48910,0
12988,0
52152,0
25643,0
34644,1
25691,0
8826,0
62947,0
7212,0
13608,0
40127,0
3320,1
13855,0
56194,0
48725,0
20010,0
9013,0
45241,0
4074,1
11046,0
33072,0
26962,1
53764,0
12122,1
18169,1
43174,0
16393,0
1796,0
9912,0
49731,0
50955,0
28716,0
15510,0
43528,1
42143,1
33063,0
60165,0
46767,1
12494,1
4262,0
35592,0
16287,0
23134,1
27358,0
62421,0
18734,0
49180,1
31485,0
26128,0
6177,0
37283,0
38558,1
2110,0
37699,0
1260,1
26339,0
40044,0
28209,0
40101,0
59814,1
9684,0
48536,1
25570,1
21903,0
10828,1
10427,1
1909,0
25731,0
49355,0
39068,1
27440,0
25851,1
56652,0
13926,0
6634,0
6339,1
38045,0
37246,0
2727,0
53977,1
10843,0
30181,1
52098,0
27975,0
22805,1
35573,0
47038,0
44421,1
50342,1
44796,0
28055,0
4182,1
48782,0
23704,0
13551,0
50915,0
12022,0
25392,0
41926,0
21877,1
32505,1
38167,0
44819,0
61656,1
19907,0
26085,1
17732,0
32511,1
56835,0
25029,1
11193,0
58272,0
59500,0
57959,0
38417,0
48393,0
23162,0
2499,0
12875,0
61661,0
5848,1
21740,0
8678,0
15216,0
17607,0
6185,0
36901,0
14591,0
28420,0
33449,0
54066,1
23707,0
36776,0
37290,0
29813,0
50539,1
46367,1
2973,0
8551,0
55996,1
54477,0
45819,0
39225,0
9704,1
8325,1
44410,0
39366,0
3875,1
47454,0
52459,0
40203,0
5248,0
26932,1
30837,0
50186,0
23526,0
42658,1
29364,0
33440,0
9674,1
33479,0
63062,1
15579,0
28116,0
1664,1
33822,1
62656,0
599,1
31478,0
15658,1
2112,0
16513,0
36172,0
10655,0
42339,0
2337,0
27090,0
35415,1
21021,1
39300,0
45683,0
52378,0
7079,1
20627,0
1870,1
42735,0
1371,0
47248,1
56765,0
4555,1
21219,0
33353,0
21592,0
15749,1
57718,0
33816,0
21541,0
7514,1
46004,0
27581,0
31915,0
3338,0
29100,0
52745,0
47590,1
36238,0
47094,0
50829,0
30098,0
51642,0
27630,0
28252,0
24778,0
31415,0
44090,0
25192,0
31169,0
43579,1
17831,1
22743,0
62112,0
28138,1
3000,0
3508,0
18249,1
46602,1
1019,0
51754,0
9508,1
46266,1
25834,0
58085,0
16121,0
61771,0
30453,0
18606,1
32275,0
33103,1
20106,1
2476,0
51349,0
47859,0
50750,0
45499,0
36832,0
49022,0
47051,0
54259,0
23245,1
56541,1
36284,1
30449,0
11428,0
36890,0
22712,1
11569,0
50810,1
12821,0
5220,0
62965,1
24374,1
31876,1
17879,0
7959,1
27891,1
58520,0
6345,0
10942,0
33554,0
820,1
16812,1
22459,0
58020,1
62426,0
31521,0
35627,0
10328,0
45833,1
55970,0
41365,1
8277,1
22043,1
46586,0
53607,1
54376,0
29657,0
46710,0
52305,0
15756,0
54938,0
30571,0
35211,1
37891,0
28219,0
16754,0
50796,1
6183,0
11635,0
1537,0
22080,0
19397,1
60837,0
35004,1
25901,0
47625,0
8095,0
46788,0
50228,1
17723,0
2603,1
10147,0
47552,1
39622,0
42020,0
27354,1
35580,0
39994,0
44835,0
53151,1
60383,0
46839,0
6762,0
20488,0
2195,1
42297,1
48489,1
23420,0
43568,0
37950,1
49309,0
24980,0
26574,1
48716,1
48488,1
60425,0
50377,0
46046,0
62678,0
10060,0
26771,1
2169,1
60623,1
45605,0
8912,0
25198,0
50007,0
49352,0
44848,1
55954,0
27078,0
31115,0
18342,0
28894,0
49151,0
13838,1
7256,0
55533,0
18791,1
45918,1
21717,1
38110,0
10054,0
6880,1
20554,1
7507,0
54813,1
52661,0
31047,1
41274,0
51530,1
43996,0
56630,1
4800,0
28760,1
49630,1
43197,0
9511,0
38290,1
10937,0
31281,0
57650,0
13831,0
62939,0
43351,0
34072,1
6141,0
62031,1
34144,0
42761,1
27684,0
42142,0
18901,0
3405,0
43331,0
18016,1
2151,0
28990,0
42221,0
54515,0
47263,1
58474,0
9407,0
53543,1
5930,0
24147,0
41053,1
5933,0
61133,1
43302,0
24210,0
30057,0
29130,1
6577,0
411,1
35832,0
56571,1
45450,0
15965,1
21837,0
13628,0
46018,0
57978,0
34720,1
20866,0
8449,1
15202,0
60869,0
54988,1
41612,0
17064,1
8586,1
41036,0
15681,0
6168,0
41842,1
40243,1
16673,0
47488,0
31745,0
22834,1
6916,1
51525,0
45705,0
57404,0
2699,0
35413,0
49842,0
22344,1
33625,0
12534,0
45568,1
7266,1
38835,0
43915,1
56755,0
31204,1
55046,0
47374,0
36494,1
52014,1
27997,0
31262,1
60210,0
28432,1
49753,1
47691,1
41472,1
8676,0
42742,0
11948,1
7559,1
4701,0
38185,0
49817,0
6030,0
39900,1
13611,0
9428,0
6083,0
59001,0
52334,0
33790,1
11994,0
32945,1
30986,0
51897,0
40,0
54930,0
52565,0
3165,0
5374,0
23515,0
30138,0
28301,1
42703,1
15430,0
58259,1
748,0
3691,1
3854,0
6094,0
30303,0
48036,0
61452,1
22687,1
9124,1
53059,0
35127,0
35740,1
2891,1
39650,1
20655,0
26801,0
5814,0
54071,1
12603,0
30611,0
32841,1
55344,0
60201,0
2019,0
44170,0
26609,1
13247,0
10440,0
36431,1
25275,0
30760,0
59748,1
8096,0
35081,1
24727,0
42505,0
54184,1
20276,0
1269,0
5267,1
59923,0
17667,1
57676,0
16534,0
34223,1
25467,1
14483,0
32507,1
54121,0
26137,0
39415,1
38004,1
37055,0
31077,1
17957,0
21253,0
51779,0
32651,1
53805,1
36350,0
35332,0
34124,0
28102,0
15634,0
12944,0
1187,1
14247,0
50555,0
27590,1
41980,0
14261,0
19435,0
9099,0
53157,1
21268,1
51893,0
24590,0
46089,1
52428,0
9117,1
51682,0
25386,0
18784,1
14886,0
39845,0
46208,0
14291,0
58883,0
41732,0
38344,1
28800,1
49567,0
561,0
40655,1
61499,1
54835,1
23703,0
18278,0
58092,1
60727,0
46931,0
3714,0
62292,0
14896,1
23945,1
61933,0
2997,0
23573,1
16821,1
54180,1
15042,0
15346,0
48445,1
51082,0
34435,0
7104,1
9138,0
51364,0
61071,1
30764,1
57220,0
38390,0
8355,0
38266,0
13651,1
37875,0
17261,0
46893,0
31579,0
33768,0
1635,0
23977,0
23022,0
36535,0
33477,0
35350,1
13070,0
868,0
41175,0
52559,0
33904,0
55248,0
18801,1
4297,0
32684,0
15620,0
21409,0
2913,1
12449,0
5562,0
45723,1
10815,1
56561,1
16352,0
59846,1
24591,1
31960,0
91,0
7434,1
46830,0
17682,1
40986,0
49179,1
38869,0
18134,0
12003,0
13180,0
39852,0
11116,0
31359,0
55504,0
16834,0
17371,1
26674,0
32131,0
29510,1
46245,0
53161,1
58763,1
10512,0
2144,1
27391,1
16234,0
8720,0
33135,0
61864,1
56983,0
4456,0
45809,0
8137,1
13045,0
61494,1
28922,0
19715,1
55864,0
52248,1
42467,0
51261,0
44362,0
48626,0
53182,1
33335,0
22936,0
38712,1
59200,1
38242,0
18601,0
59954,1
28664,0
1559,0
41031,0
43438,0
45865,1
40515,0
26976,1
42116,0
16321,0
27555,0
49101,0
27113,0
12620,0
79,0
50240,0
39965,1
45753,1
34032,0
28327,1
17870,0
58475,0
13967,0
2590,0
58125,0
1183,1
45438,0
22157,1
8962,1
42788,0
44472,0
31538,1
13362,0
10532,0
52753,0
19009,1
51704,1
39782,1
61043,0
42956,0
20925,1
40593,0
3676,0
1376,0
10286,0
24935,0
21404,0
27930,1
40934,1
53472,0
52797,0
23495,0
6014,0
35634,0
40236,0
8479,0
18872,0
53970,0
6700,0
50406,1
55623,1
28414,0
62179,0
24592,0
9422,0
8336,1
31220,1
22439,0
42170,0
54731,0
62114,0
60110,1
47171,0
34131,0
55958,0
57430,0
53219,0
38631,1
38151,0
10205,0
24530,0
38003,0
59414,1
58832,1
49289,0
27048,0
5282,0
59939,0
23220,0
28583,1
55350,1
10366,0
21731,0
18704,0
15517,1
61104,1
1180,0
28607,0
35986,0
19482,0
37230,0
950,0
36140,0
52343,1
37285,0
35207,0
31074,0
43285,0
25034,0
1732,0
8413,0
29342,0
1248,0
30180,1
27194,0
34300,0
51356,0
40472,0
14123,0
53350,0
17085,1
51392,1
36396,1
13187,0
55938,0
10243,0
22579,0
45303,0
48708,0
39892,0
26240,1
30322,0
13810,0
2273,1
43533,0
20637,0
34505,0
11931,0
30909,0
44099,0
29791,0
17592,0
8253,0
61727,0
19126,0
18592,0
33925,0
9175,0
41785,0
33463,1
18409,0
4029,0
26205,0
30233,0
41216,0
47283,0
26656,1
49092,1
29737,0
3970,0
62457,0
53722,1
5185,1
53924,1
34127,0
43487,0
16746,0
36728,0
54289,1
6408,1
24973,1
48366,0
22753,1
53957,0
28641,0
51043,0
8452,0
47391,1
28438,0
19036,1
17975,0
19051,0
27066,0
59593,0
29117,0
2446,0
35911,0
8741,0
29512,0
28022,1
47024,0
14958,1
39919,1
41798,0
20334,0
31264,1
32406,1
36803,0
43886,0
45732,0
60808,1
38770,0
57228,0
36122,0
38548,0
7320,0
27394,0
14776,0
361,0
181,0
50011,1
2676,1
37604,0
33716,0
23822,0
39354,0
59881,1
15121,0
55091,1
12150,0
35870,0
7917,0
10235,0
7594,0
36351,0
18505,0
30440,0
51218,0
11928,0
45414,0
29007,0
60627,1
40062,0
23172,1
11470,1
38763,0
31916,1
8018,0
398,1
35229,0
60427,1
444,0
36247,0
19123,0
49406,1
19122,0
60598,0
51023,0
51831,0
59681,1
52397,1
45677,0
16870,1
5743,0
44738,1
46012,0
51088,0
12237,1
18106,0
57289,0
44095,1
36536,0
6665,0
27509,0
51535,0
59122,0
21147,0
52596,0
54174,0
46458,0
35841,0
23605,0
61966,0
47485,1
4203,1
31158,0
17550,1
6651,0
62353,0
62791,1
49510,0
44109,0
4722,0
34952,1
27004,0
4935,1
2262,1
20868,1
31384,0
49419,1
9633,0
62011,1
32849,0
11437,1
39562,1
52429,1
19816,1
4582,0
4778,0
44588,0
29633,0
60154,0
48087,0
47361,0
17999,0
3649,1
29096,1
31858,1
46487,0
43575,0
10138,0
30405,0
41756,1
16850,0
36167,0
20906,0
35678,1
36564,0
7139,0
53629,0
23511,0
59891,0
23867,0
52561,0
19912,1
33402,0
30518,1
15223,0
41771,0
57066,0
21925,1
23126,0
18565,1
7629,0
4329,0
53274,0
61236,1
14434,1
17224,0
27246,0
33703,1
58746,0
45239,0
33113,0
17585,0
16274,0
23782,1
24128,0
4978,0
38977,0
41657,0
30882,1
31364,1
61862,1
55955,0
14001,1
47584,0
5549,0
33361,0
12262,0
38748,0
33,0
41319,1
57107,0
56111,1
35000,0
33373,0
46609,1
6203,1
23633,0
6434,0
29315,1
47047,0
56063,0
30603,1
16676,0
29426,0
34298,0
55313,1
30670,1
31890,1
52071,0
54401,0
37362,0
11749,0
52511,0
9468,0
7711,1
37499,1
17049,1
5627,0
61577,1
9329,1
47472,1
43669,0
35505,0
2648,0
39406,1
10432,0
52007,0
37639,1
18423,1
10957,0
25852,0
7655,0
60538,0
13535,1
59328,0
14376,1
11678,0
60318,1
48701,1
24491,0
25338,0
14823,1
30188,0
38067,1
46140,0
31248,0
43777,0
1240,0
7641,1
12879,0
55883,0
38918,0
35643,0
15742,1
44218,1
13489,0
61019,0
29759,1
21878,0
6457,0
35469,1
19675,0
34861,0
22008,0
51439,0
21754,1
26641,0
25687,1
55368,0
45217,1
50725,0
14405,1
34527,0
31088,1
54946,0
22632,0
52633,1
28105,1
22874,0
57259,0
63283,1
40649,0
12972,1
6264,0
62608,1
29213,1
38323,1
10644,0
16056,0
40230,0
62464,0
48006,1
14843,1
8154,0
22659,0
6401,0
9447,0
53835,0
12962,0
60321,1
23438,0
28072,0
13207,0
45424,1
63190,0
41976,0
7029,0
4994,1
9798,0
6395,0
39573,0
62880,0
43855,0
53698,0
2859,0
7564,1
29694,1
60571,0
29828,1
596,1
61644,0
25278,1
58339,0
35938,0
18932,0
4624,0
49153,0
60039,1
14594,1
42951,0
45936,0
55770,1
61968,0
45824,0
1128,0
27344,0
58668,0
37391,1
18646,0
53898,0
17648,0
33193,0
10814,1
49087,0
51187,1
23193,0
6169,0
2155,0
58618,1
20275,0
13459,0
45350,1
28139,0
39693,1
1572,0
8504,0
47623,1
22948,0
62968,1
18490,0
197,0
37511,1
31462,1
7207,1
50838,0
56859,1
23309,1
38903,0
55022,1
40461,0
18725,0
60843,0
40815,1
30081,1
13511,0
1493,0
28566,1
36736,0
30324,1
34764,1
7862,0
38762,0
1485,0
53611,1
28941,1
43254,0
53678,1
23648,1
53294,0
14186,1
60133,1
13698,0
46541,1
28985,1
20130,0
55523,0
41075,0
58606,1
49319,0
16818,1
45925,0
7382,0
5641,0
1011,1
24455,0
30685,1
8473,0
24175,1
1588,1
62484,0
55457,0
21113,0
22384,0
4006,0
29133,0
15181,1
25741,0
11972,1
31366,0
16009,0
43054,1
39603,1
8019,0
7228,0
4105,0
35522,0
13894,1
32487,0
14252,0
46509,1
963,1
60563,0
56437,0
60739,1
8420,1
51448,0
18230,1
42538,1
25420,0
52544,0
24078,0
57435,0
47975,0
29113,0
6108,0
25526,0
55071,0
19400,1
62989,1
3776,0
48890,0
7469,1
41459,1
2511,0
58918,0
34098,0
23378,0
4587,0
24972,1
1264,1
21611,0
55467,0
8638,1
54569,1
32542,1
34138,0
14954,1
43665,0
4436,1
44688,0
20814,0
56149,0
36696,1
47071,0
29985,1
55102,0
56641,0
47365,0
33126,1
33306,1
4835,0
5389,0
56761,1
18790,0
15860,0
8417,0
7193,0
12005,0
7833,0
27044,0
11014,0
43208,1
50871,0
51655,1
20242,0
28059,0
38553,0
3168,1
30717,0
13473,0
29652,0
29545,1
39288,1
3002,0
32408,1
34467,0
5596,0
52461,0
38362,1
51698,0
51440,0
52486,1
48231,1
9090,0
24020,0
27838,0
49807,1
10665,1
42068,0
13540,0
13742,1
19736,0
28906,0
52155,0
33653,1
2222,1
27864,0
41402,0
59619,1
43771,0
11374,0
56875,0
38158,1
29789,0
17402,0
18644,1
46349,0
3527,0
31274,1
2773,1
16437,1
35523,0
7679,1
13997,0
10107,0
40658,0
46958,1
5453,0
36656,0
53950,0
51651,1
14178,1
42571,0
50086,1
46773,0
12129,1
49465,1
45332,1
18240,0
62970,0
43986,0
51176,1
28899,1
2817,0
17809,0
35838,0
54039,1
19650,1
58749,0
32253,0
29178,0
15585,0
52436,1
2343,0
31933,0
35439,0
21907,1
29525,0
10834,0
31142,0
37119,0
63134,1
49529,1
43403,1
21183,1
33588,0
28737,0
8940,1
2390,0
3456,0
47140,0
59090,1
39615,0
39384,0
38627,1
28127,1
24151,0
49771,1
1052,0
11453,0
16662,0
53579,0
31110,0
10548,0
39105,1
43793,0
33996,1
41755,0
60617,0
12541,1
23568,1
24490,0
7780,0
50202,1
791,0
33610,0
4863,1
2219,1
14101,1
36559,0
32801,1
46160,0
33356,0
58273,1
50046,0
4062,0
24307,0
7263,1
6381,0
40267,0
1738,0
50076,1
34264,0
5480,0
40430,0
57616,1
41266,1
14868,1
9257,0
5632,0
47111,0
57621,0
7930,0
63184,0
57973,0
5033,1
52266,1
38119,1
56481,1
4347,1
21628,0
46121,0
61370,0
22830,0
22934,0
51347,1
42527,0
29347,0
56559,1
7181,0
33698,0
45580,0
50058,0
28781,0
60180,0
61014,0
36370,0
42940,0
35268,0
35449,0
6662,0
8471,0
20741,0
26768,0
18703,0
23242,0
47524,1
61633,0
3641,0
52405,1
18504,1
42948,1
14778,0
6534,0
35859,1
53812,1
43205,0
39739,0
47000,0
50425,0
14160,1
9026,0
19183,0
59263,0
13250,0
45907,0
41416,0
23647,0
58021,0
53229,0
49400,1
31377,0
15690,1
51565,0
239,1
58121,0
59657,0
22803,0
60399,0
7304,0
4349,0
51021,1
42219,1
52680,0
21707,1
31358,0
43251,1
30751,1
5399,0
59775,0
7324,0
53375,1
47983,0
6636,0
34349,0
9942,1
20013,0
2664,0
60025,1
22853,0
29823,0
30059,1
46892,1
28689,0
41884,1
50413,1
20600,1
34175,0
9719,0
41945,0
15615,0
25761,0
19753,0
51947,0
7378,0
5373,0
63155,0
4589,0
41121,1
37228,0
37885,1
43212,0
23811,0
23348,1
25480,1
24992,0
46166,0
12633,0
20025,0
44001,0
14428,0
4160,0
8069,0
36990,0
6171,0
38591,0
57768,0
19868,0
51918,1
53487,0
25288,0
22124,1
22500,1
6425,1
11926,1
33411,1
59559,0
8359,1
37439,0
30310,0
30755,1
4728,0
24003,0
57036,1
16543,0
60494,1
12017,0
56491,1
21780,0
61827,0
45204,1
36944,1
13021,1
59361,0
25147,1
46414,0
43747,0
38064,0
40031,0
54532,1
50889,0
6413,1
44459,1
51329,1
16342,0
31802,0
36601,1
15018,0
41819,0
996,0
50843,0
23821,0
39566,0
24002,1
8986,1
47266,0
37603,1
39281,1
23122,0
49647,1
17104,0
30065,0
32432,0
27380,0
14215,0
44265,0
17517,0
31974,0
45185,1
31736,0
20799,0
48245,1
3786,1
2857,0
140,1
53679,0
26070,1
18855,0
52953,0
37490,1
51588,1
8383,0
63069,0
54674,1
61553,1
28087,0
20108,1
32071,1
16810,1
41051,1
25953,0
9943,0
3780,1
8208,0
39477,0
50193,0
21574,0
18115,1
13096,1
53085,0
17123,0
36139,1
21827,0
40863,0
30860,1
34295,0
39777,0
10485,0
40825,0
4426,0
7639,0
31160,0
41160,0
47702,0
46188,0
60274,1
445,0
6551,0
33037,1
60483,1
54073,1
51427,0
8170,1
43651,0
38234,0
57408,0
25604,0
35714,1
50356,0
62339,0
20451,1
53517,0
59372,1
38034,1
46783,1
15811,1
60064,1
35049,0
61163,1
22143,0
12007,0
4327,1
53347,0
24445,0
25176,0
46102,0
23436,1
1404,0
54658,0
15331,1
43862,0
9020,1
41631,1
61406,1
60327,1
55760,1
44199,1
37513,0
59207,0
22037,1
12838,0
12436,0
44049,1
59643,0
18399,0
23933,0
31071,1
33801,0
62217,0
37635,1
44059,1
20919,0
62025,1
42790,0
24857,1
21949,1
48190,0
28216,0
33891,0
12891,1
56624,0
5198,1
21096,0
6211,1
29869,1
27603,0
58834,1
50443,0
36311,1
53601,1
56458,0
58462,0
3802,1
7242,0
16021,0
61297,0
27148,0
30545,1
44502,1
25644,0
15257,0
16741,0
49565,0
6558,1
12020,0
12496,0
27708,0
40228,0
6884,0
18224,0
52620,1
43198,0
3169,0
3731,0
25243,0
53862,0
42671,0
55971,0
28398,0
56414,0
31296,0
3279,0
40589,0
6950,0
28705,0
22491,1
6368,0
29802,0
14967,1
27518,0
12302,0
11444,1
1571,0
3302,0
12047,0
15527,0
3314,0
16080,0
20573,0
8351,0
30581,0
33662,0
44061,1
6144,0
37424,0
15487,0
3107,0
5643,1
20890,1
20567,0
56798,1
61570,0
19398,1
18042,0
61208,0
49900,0
27868,0
36683,0
16295,0
33345,0
41270,0
60363,0
53283,1
1378,0
32435,0
28695,0
26077,1
21625,1
25648,0
34379,1
45902,1
28067,0
62722,1
45344,1
39447,0
35466,1
30779,0
16959,0
3720,0
20953,1
53596,1
41300,0
37057,0
35238,1
32931,0
36193,0
60449,1
36061,1
8566,0
3241,0
8827,0
1983,0
24519,0
33383,0
48631,0
48898,0
16533,0
11181,0
59578,1
7747,1
41477,1
15533,0
59950,1
55369,1
12683,0
27683,0
61227,1
12728,0
59485,1
57643,0
47722,0
45696,0
37752,0
3288,0
62408,1
39421,0
27818,0
62525,1
17838,1
27982,1
48550,0
49636,0
39015,1
31677,1
30117,0
34743,0
20510,1
26249,0
24760,1
5402,0
27080,0
60992,1
25623,0
51295,0
15725,0
33396,0
35329,0
48545,0
10941,0
48051,0
8243,0
61622,0
12664,0
12049,0
976,0
18122,1
47288,1
61144,0
2991,0
58890,0
7645,0
37735,0
59553,1
21146,0
2414,0
16854,0
62155,0
21727,1
45299,1
58375,1
32320,0
4595,0
49015,1
31238,0
48046,1
28157,1
57529,0
49814,0
58558,1
619,0
43250,0
50184,0
51072,1
61521,1
17155,0
23899,0
40249,1
52531,0
33651,0
30816,1
32397,1
240,0
37915,1
15841,0
43187,0
60258,1
30343,0
44176,0
40906,1
21346,0
30642,0
36355,1
8758,1
56034,0
30254,0
62218,1
30601,1
12068,0
48131,1
19814,1
17566,0
54996,0
18621,1
22694,1
61767,1
16405,1
42901,0
14406,0
14082,0
57642,0
53065,0
30866,0
16740,1
37694,0
60468,1
12391,0
16318,0
23889,0
10990,1
39209,0
1407,1
44457,0
12968,0
16474,0
45891,1
38012,0
3291,0
51930,1
59456,0
18496,0
40951,1
62194,0
48255,1
41831,0
33924,0
41617,1
12869,0
20388,0
43806,1
37130,1
8210,0
32317,1
53471,0
33650,0
16054,0
30557,1
57548,1
28358,1
43919,0
63053,0
2370,1
42589,0
38817,1
22510,0
53917,0
53823,1
27353,1
47808,1
43655,1
35816,0
42548,1
2344,0
9322,0
61376,1
40087,0
55111,0
51945,0
29398,0
52510,0
52222,1
35825,1
54764,1
19677,1
60263,0
2917,1
37425,0
24216,1
63114,1
33619,0
40477,0
21473,0
15435,0
51459,0
53214,0
1412,0
4630,0
25968,0
19113,0
4937,0
53379,0
42529,1
60446,1
1101,0
17083,1
45533,0
21464,0
56427,1
913,0
41215,0
21763,0
2088,0
61070,1
37165,1
48502,1
55141,0
33082,0
44471,1
27802,1
52128,0
44479,0
60655,1
15524,0
59236,0
19046,1
60048,1
1452,0
1875,0
36830,1
7680,1
435,0
11900,1
16109,0
25699,1
26292,0
12444,0
8153,0
16979,0
52660,0
26841,0
34376,0
52023,1
3420,1
34108,0
733,0
8647,1
35792,0
22399,1
34368,0
14421,0
32414,0
62256,1
58869,1
17615,1
47158,0
62050,1
12485,1
2724,1
9192,0
61671,1
25586,0
14841,0
37371,0
5656,0
53005,0
1924,0
15380,0
51145,1
41374,1
52815,1
18576,0
25142,0
43913,0
34839,0
43420,0
36786,1
17599,1
42850,1
60967,0
42826,0
43120,0
30015,1
2824,0
24627,0
27040,0
566,0
17643,0
48874,1
24041,0
41968,0
5263,0
62561,0
44347,0
29938,0
25649,0
2170,0
29895,0
35307,1
18954,0
4204,1
21548,1
55192,1
30556,1
35246,1
52858,0
58109,1
19760,0
34342,1
26303,0
47179,0
62846,0
51490,1
4473,0
8828,0
29017,0
21620,0
22857,0
28553,1
22876,0
40374,0
24023,1
22706,1
49102,0
40435,1
60085,0
36718,0
55740,1
43949,0
8731,0
18957,0
63017,0
7757,0
26011,0
4646,1
52575,0
10924,0
6949,1
41331,0
15241,0
28326,1
31875,1
5150,0
45574,1
7660,0
33693,1
34916,0
56364,0
34704,0
37436,1
40840,1
40508,0
7335,0
12272,1
1969,0
52059,0
27617,1
29332,0
30790,0
54522,1
9852,1
314,0
33044,0
43626,0
9245,0
36482,0
53442,0
30093,0
48441,0
4412,0
30649,0
54088,1
50502,1
58847,0
45031,0
10838,0
31190,1
27114,0
43256,1
44664,0
54690,0
2988,0
53814,0
37265,0
53088,0
41800,0
46440,0
26914,1
33450,0
61318,0
24320,0
13836,0
42941,0
62001,0
29249,0
10162,0
925,0
35003,1
3706,0
23970,0
53515,0
7468,1
21986,0
44396,0
50554,0
20515,0
21618,1
36147,1
49770,0
17186,0
22163,1
52533,0
33627,1
37798,0
10459,1
46098,0
63023,0
20838,0
3860,1
55447,0
47290,0
45984,0
60220,0
54171,1
40257,0
19541,1
31414,0
3596,0
24995,0
8184,0
9555,0
23404,1
33123,1
45779,0
13390,0
51272,0
28537,0
5934,0
60755,0
23247,0
51333,1
49681,0
28332,0
26218,1
525,0
54665,0
52236,0
12116,0
33775,1
18878,0
34240,1
2392,0
7770,0
14393,0
11261,0
25073,0
22498,1
20200,0
24757,1
26684,1
23341,0
51447,0
5479,0
9458,0
21101,0
12845,0
25806,0
41626,1
29307,0
42686,1
34458,1
18411,1
5321,0
3010,0
315,0
11317,1
40206,0
47243,1
40293,0
31804,1
39166,1
57061,0
16845,0
61510,0
52939,0
39813,0
20525,0
31243,0
42561,0
41388,0
28062,0
18523,0
39776,0
34169,1
29061,0
34671,1
35517,1
6723,1
59621,0
11561,0
18719,1
34450,0
44154,0
22900,0
45078,0
29594,0
8902,0
51807,1
58279,1
47787,1
51948,0
49491,0
51246,0
33725,1
39736,0
12317,1
53874,0
23349,0
11430,0
62047,1
11608,0
49038,1
23368,1
59543,1
11673,0
15509,1
5840,1
39613,0
14297,0
20735,0
39211,0
59387,1
27800,1
18609,0
8560,1
10343,0
36690,0
37808,1
17221,0
31027,0
30840,0
38053,0
51968,0
34189,1
5356,1
53093,0
62651,0
32366,0
16584,1
8515,0
4834,0
9445,0
57130,0
32970,1
52598,1
13917,0
37773,0
41437,1
6849,0
34411,0
1654,0
47656,1
36018,0
29436,1
41263,1
62762,0
44314,1
26319,0
19844,0
45625,0
2387,1
35485,1
1587,1
58678,1
17228,0
27824,0
30772,1
37071,0
61434,1
19208,0
35011,0
34314,0
13213,0
36524,0
42971,0
62386,0
226,0
26793,0
40439,0
40177,1
43035,0
23923,0
37850,0
40998,1
41352,0
23862,0
38241,1
7471,0
36294,1
45383,0
13965,0
9424,0
47721,0
6017,0
56626,1
38883,0
61892,0
2573,0
38937,0
47322,0
19793,0
24744,1
1067,1
49733,0
33140,0
58551,1
31022,0
36963,0
9579,0
16257,0
23046,0
58191,0
57599,1
51891,1
9837,0
3395,0
33827,1
63108,1
45822,0
22909,1
25936,1
56278,1
61488,0
45555,1
33504,1
33967,1
3878,0
6225,0
19689,1
9262,1
47383,0
59607,1
60465,1
53535,0
46484,0
58670,0
56793,0
13661,1
49161,1
37825,0
54218,1
39644,0
3859,1
46844,0
61697,0
46834,0
752,0
46331,1
51238,1
2721,1
38149,1
23351,1
29301,1
61273,0
53622,1
5418,0
33254,0
48313,1
1336,1
21807,0
59215,0
49861,0
13115,0
17761,1
50531,1
40485,1
60068,1
161,1
56018,0
42935,0
28050,0
28740,0
22735,0
14951,0
46980,0
3263,0
5384,1
2758,0
25249,0
46235,1
22917,1
19407,0
25749,0
27964,1
36096,1
39828,0
51129,1
4039,0
29842,1
5864,0
17311,1
48390,1
53208,1
38492,1
3646,1
22848,0
28354,1
46669,1
51806,1
48815,0
29093,0
57542,1
7715,0
39036,0
24009,0
38888,0
50933,1
22998,0
3775,0
13415,0
8658,0
44495,0
61269,1
58666,0
6050,1
26936,0
22785,1
30400,0
31690,1
34530,1
40582,0
8867,0
34075,0
35301,0
11246,1
51061,1
34641,1
43591,0
56244,0
10105,0
53972,0
6239,0
61266,1
55449,0
17203,0
30517,0
210,0
14025,0
37932,0
39279,0
42370,0
14057,0
2118,0
12200,0
20301,0
14273,1
11272,0
30314,0
56842,0
35411,0
48548,0
39117,0
8854,0
52141,0
38416,0
6360,1
37402,0
7085,0
44597,0
45661,0
30507,1
13271,1
35526,0
56195,0
30818,0
48289,1
49846,0
3498,0
22576,0
13650,0
20546,1
21331,0
57136,1
3909,0
57215,1
1606,1
25815,0
21665,0
51046,0
33599,0
498,0
39150,0
18853,0
26820,0
5550,0
49638,1
63083,0
1120,0
57550,0
2039,0
50772,0
15676,1
14651,0
48140,0
8639,0
24182,1
4392,0
4798,1
32394,0
52530,1
12473,0
31289,0
55317,0
59291,0
47058,0
37036,0
211,0
11510,1
38521,0
57102,0
58715,0
21683,0
44517,0
20822,1
33934,0
32521,0
29919,0
46275,0
38043,1
54691,1
14339,0
53465,0
52726,0
42768,0
55034,1
40377,0
45507,0
32090,1
49878,0
44691,0
57421,1
32063,0
25401,0
47457,1
17571,0
42908,0
36648,1
45341,1
13613,0
20227,0
21185,0
33230,0
49313,1
13429,1
26922,1
34114,0
9444,0
62193,0
43472,1
16076,0
58381,1
63218,0
24567,0
9412,0
35535,0
8817,0
39751,0
25554,1
1885,0
22446,0
52402,1
49070,0
53413,1
45114,1
33317,0
17158,0
61294,0
9024,0
41049,0
57751,1
61172,0
24346,0
55747,1
29366,0
37412,0
58995,0
8808,0
23687,0
3061,1
35006,0
3123,0
29827,1
40364,0
6530,0
4520,0
7002,0
51177,0
16640,0
41773,0
8031,0
49995,1
30265,0
27271,1
15098,0
2149,1
11662,0
20752,0
39534,0
12454,1
16266,0
16967,0
38860,1
17441,0
55908,0
17140,1
36095,0
49372,0
37086,0
5179,0
48093,0
18662,0
54092,0
29931,0
28071,0
53341,0
5088,0
53653,1
13255,0
46826,0
2023,0
45375,1
6159,1
37347,0
28538,0
37899,0
4605,0
21337,0
29807,0
61108,0
13447,1
16377,0
50663,0
44854,1
59975,0
27939,0
19850,0
43977,0
45265,1
1033,0
9788,1
21080,0
9667,0
17788,0
11709,0
40463,0
58479,1
52001,0
22704,1
50833,1
33178,0
39050,1
20701,0
11263,0
21228,0
3645,0
20665,1
6929,1
7000,0
26847,0
52043,0
42496,0
17239,0
61652,1
1895,0
45585,1
10706,0
28064,0
55058,0
9714,0
44252,1
33338,0
15858,0
10384,1
46823,1
7097,1
28012,0
54051,1
54790,0
8735,1
19251,0
15324,0
54445,0
63297,0
20491,0
57696,0
8301,0
39325,0
58409,1
59513,0
17287,0
43581,0
59556,1
62257,0
47002,0
54970,1
27277,1
25203,0
1665,0
21487,1
39779,0
42973,0
38352,1
50638,0
19732,1
13716,0
26340,0
11501,1
60883,0
30397,0
26913,1
41518,0
17000,0
59873,1
62504,0
19402,1
47697,0
58712,0
61872,1
17162,0
3352,0
61758,0
10397,1
52664,1
16535,0
16473,0
62709,0
6038,0
1850,0
32580,0
11394,0
40849,0
54481,0
47687,0
55736,1
30088,0
33717,0
48729,0
6713,1
24947,1
29780,0
48306,0
23979,1
4415,0
39925,0
29464,1
62160,0
23333,1
8567,0
1973,0
34813,1
60918,0
32661,0
22432,0
34154,0
26379,1
32224,0
27320,1
16792,0
26974,0
56256,0
36235,0
14498,0
17785,0
52276,0
39831,0
60385,1
10121,0
38713,0
52931,0
30133,0
51797,0
12103,0
37840,0
9802,1
53647,1
13367,1
6356,0
52590,0
5756,0
21870,1
41694,0
422,0
48158,0
43481,0
18080,0
19002,0
8197,0
52398,1
25354,1
10743,1
15312,0
23733,0
15214,0
16327,0
35528,1
52591,0
35119,1
46451,0
36214,0
36422,0
24018,1
50615,0
24094,0
39917,0
30499,0
26018,0
52818,1
53772,0
10648,1
27503,0
34073,0
25028,0
17208,1
11874,0
43309,0
29199,0
24793,0
17187,1
45207,0
10558,1
20193,0
6576,1
5850,0
48189,0
41909,1
32203,0
35583,1
997,0
43150,0
22994,0
16860,0
22624,1
36368,0
47718,0
49181,1
58609,0
41410,1
13704,0
33498,0
786,0
27097,1
25385,0
19242,1
49758,1
14085,0
35357,1
49619,0
5528,0
28149,0
7892,0
10702,0
28880,0
38662,1
18988,0
51601,1
14286,0
26163,0
33988,1
8470,0
54189,1
60856,0
22602,0
43930,1
52739,0
22604,0
58537,1
59462,0
31263,1
38021,1
31353,0
60658,1
54474,0
29487,1
57657,1
5658,0
15140,1
26148,1
12226,0
30177,1
12561,0
45058,0
39737,1
10113,0
8444,0
44573,0
59786,0
45324,1
5283,0
31151,0
60530,1
60659,1
22813,1
4476,1
24799,1
49997,0
22383,1
39537,1
7432,0
8887,0
9009,0
21099,0
62486,1
14485,1
54660,0
7798,0
21822,0
19820,0
41662,0
35484,1
7590,0
17096,0
30509,1
57511,0
8615,1
51319,1
3746,0
45183,0
16398,1
2045,0
55531,0
5982,1
48434,0
38037,0
48544,0
57500,0
60602,1
48663,0
30243,0
55688,0
8950,0
14274,0
45178,0
39520,0
57372,1
38540,0
17610,0
2790,0
41959,0
61629,0
14588,0
11180,0
2899,1
8357,1
36013,0
49106,0
48973,1
61156,0
8878,0
12898,0
22991,1
14144,1
14408,1
56357,1
13654,0
12525,0
38789,0
45138,0
44872,0
60712,1
19763,0
38783,1
10789,0
61806,1
26765,0
29536,0
17863,0
33493,0
44725,0
42363,0
22129,0
49303,0
4754,0
62074,0
47920,0
51073,0
19526,0
41312,0
43489,1
23506,0
47576,1
50153,0
35683,1
44907,0
8967,1
62855,0
24722,0
15359,0
60901,1
38955,0
6749,1
47824,1
31859,1
44882,0
45244,0
37083,0
22357,1
29575,1
42715,0
63012,1
7677,0
41991,0
10978,0
30560,1
3361,1
624,0
19007,0
17071,1
7479,1
18973,0
5788,0
33690,1
14300,0
21990,0
13994,1
45647,1
10917,0
19504,1
47826,0
24281,0
25862,1
47777,0
52415,0
21588,1
6828,0
56307,1
19782,0
36692,1
26034,0
21149,0
51341,1
54713,0
33781,0
17968,1
46491,0
3916,0
59549,1
29531,0
35898,0
59829,0
32715,0
42118,0
42241,1
35532,1
53547,0
36610,0
9033,0
20957,0
24067,0
34086,0
4226,0
2271,0
16669,1
62376,1
2763,0
52773,0
47649,1
40500,0
41880,0
19356,1
30931,0
24083,0
1602,0
9361,0
40407,0
5081,0
2345,0
33374,0
50375,1
25827,0
44027,1
2862,0
29514,0
25760,1
61626,0
564,0
21805,1
49585,1
31764,0
52376,0
49866,1
41288,0
19069,1
716,0
7835,0
9899,0
8422,0
61815,0
49477,1
5576,0
19461,0
5871,1
21,1
59530,0
37582,0
32513,0
14467,0
41523,0
5687,0
57729,0
59642,1
46894,0
26717,0
60429,1
1463,1
27437,0
60105,0
34907,0
38298,1
13456,0
3027,0
54011,1
38297,0
23520,0
52927,1
47418,1
6268,1
21368,0
19529,0
42734,0
38152,0
1402,0
18191,0
16538,0
48236,1
7834,1
46985,0
50127,1
63057,0
50334,1
60675,1
12469,0
56644,0
53176,0
37729,0
36410,0
42145,0
63199,1
12382,0
7269,1
19839,0
25960,0
51882,0
18796,1
13344,1
53982,1
19237,1
63223,1
52395,1
13873,0
42411,0
12993,0
17481,0
36011,0
4522,0
522,1
34370,1
22571,1
6816,0
43056,0
44772,1
35152,0
13751,1
27295,0
19253,1
35939,1
59985,0
23610,1
8381,0
4013,1
19365,0
32467,0
25692,1
7397,1
27497,1
2082,0
58007,0
4275,0
60797,1
20712,0
29016,0
52220,1
55858,0
40113,0
36117,0
41473,0
28218,1
45713,1
22851,0
16633,0
47887,1
54589,0
60196,0
38050,0
46545,0
33472,0
44992,0
38766,1
12442,0
20959,1
11486,0
24373,1
19405,1
27258,0
12615,0
44478,1
29861,1
52307,1
5762,0
47162,1
40680,1
39362,1
12285,0
16924,0
29247,1
8100,0
54061,1
25441,0
20568,1
58467,1
46366,0
6844,0
57814,1
24222,0
47017,0
22194,0
43596,0
27480,0
37778,1
9157,0
20824,1
51900,0
23846,1
38217,0
18361,1
164,0
53084,0
11806,0
10929,0
44368,0
29287,1
4730,0
59646,0
56494,1
11396,0
43423,1
44204,0
37579,0
59502,0
36545,1
57317,0
39234,0
12363,1
18246,0
19197,1
1047,0
4215,0
58729,0
37755,1
11260,1
30236,1
47321,1
41030,0
27020,0
48669,0
63039,0
8078,1
22455,0
5773,0
32971,0
63079,1
50281,0
25750,0
3940,0
21648,0
44987,0
9994,0
34890,0
31139,1
25179,1
27011,0
47089,0
15904,1
29752,0
8425,0
55373,1
62356,0
37880,0
1445,0
19056,0
46447,0
6555,0
52903,0
46634,0
27895,0
49033,0
24993,0
61282,0
12580,0
9864,0
3028,0
27056,0
56447,0
12674,0
32011,0
20975,1
22613,0
29219,1
42654,0
57047,0
56712,0
55625,1
29884,0
25828,0
59819,1
1804,0
38072,0
9271,1
45056,1
18538,0
13717,0
42534,0
42355,0
28950,0
35091,0
55362,0
46104,1
9184,1
54325,0
19993,0
55108,0
26187,0
62414,0
42151,0
45127,1
55608,1
31980,0
19838,0
44501,0
10265,1
17861,0
47107,0
62920,0
11860,0
13795,1
3893,0
3632,1
58595,0
54817,1
47153,0
20186,0
3016,0
12002,1
3323,0
3766,1
42630,0
28859,0
59850,1
20539,0
59536,1
53209,0
61046,1
29535,1
58243,0
39473,1
58471,1
32778,0
53912,0
31111,0
36876,0
34990,1
34291,0
21819,0
19128,0
5574,1
9649,0
12392,0
59399,1
48573,0
23358,1
51424,0
8534,0
24665,0
35110,1
28128,0
15616,0
39028,1
6794,0
36253,0
6045,0
8469,0
30933,0
46827,0
10651,0
19191,1
28567,1
3155,0
2382,0
6878,1
7811,1
60513,0
27640,1
36119,0
9103,0
40033,0
40596,0
6407,1
38867,0
60412,0
25690,1
58571,1
363,1
52882,0
59040,0
60541,1
55262,1
57577,0
20238,1
33892,0
3503,0
4099,1
49778,1
13139,0
55939,0
34777,0
4128,0
38658,1
23736,0
21787,1
45755,0
42396,0
20220,0
25356,0
54685,1
44152,0
62241,0
48853,0
59027,0
28727,0
9928,0
37259,0
62501,0
37045,0
47186,0
17127,1
45752,1
21259,0
667,0
13052,1
8394,0
3076,1
4320,0
14753,0
11811,1
33558,0
54214,0
13339,0
9394,0
30632,0
46095,1
20654,0
53198,0
56183,1
15050,0
51935,1
47135,0
26126,1
14730,1
60788,1
10479,0
47815,0
5228,1
54616,0
31039,1
13216,0
55387,1
49531,1
46656,0
9397,1
19270,0
12979,0
50517,0
23484,0
45587,0
61105,0
59397,0
26758,1
27399,0
60132,0
12503,0
15308,0
54837,1
20083,0
57217,0
28970,1
55164,1
39262,0
6387,0
38577,1
59343,0
14915,0
52734,0
27298,1
30558,0
3569,1
53995,1
25811,0
51977,0
62869,1
48134,0
13414,0
33156,0
15771,0
33632,1
34227,1
22182,0
53205,1
5772,0
13707,0
23551,1
4417,0
29770,0
60387,0
52904,0
11788,0
60157,0
29439,0
10707,0
2535,0
44783,0
45234,1
19221,1
31267,1
42065,1
62617,1
4945,1
50637,0
11005,1
11543,0
49581,1
45765,0
23508,0
19219,1
34779,0
24763,1
59430,0
28826,1
34716,0
12084,0
44657,0
5678,0
32107,0
44622,1
25771,0
17568,1
29689,0
34647,0
3324,1
38776,0
7864,0
8824,0
34751,0
5738,0
54249,0
858,0
22640,0
21500,0
56061,1
35160,0
58965,1
26221,1
42913,0
18331,1
54001,1
31388,1
57454,0
53807,0
50908,0
13297,0
16370,0
60556,0
499,0
3518,0
27978,0
25958,1
19059,1
48409,0
58854,1
52728,1
29159,0
43059,0
36315,0
46461,0
43117,1
18664,0
53921,0
59864,0
47341,0
29822,0
30277,0
53796,1
53708,0
2275,1
17046,1
55644,0
53403,1
60475,1
24177,0
40706,0
61341,0
26808,1
59219,0
57993,0
1612,0
29054,0
50866,0
27159,0
48601,1
16654,0
54460,0
59326,0
39501,1
19382,0
21869,0
62431,0
8617,0
59354,1
21608,0
51865,1
10544,1
55927,1
851,0
48679,1
38080,0
18022,0
42469,0
38006,1
56303,1
14659,0
32457,0
29161,0
44926,1
14932,0
6278,1
53930,0
31846,1
58786,1
1702,0
12303,1
992,1
63112,1
43106,1
16423,0
56587,0
46921,0
33489,1
31335,0
55926,1
16329,0
31693,1
22673,0
37482,1
27346,0
43176,0
50700,0
4690,0
55841,0
1178,1
5316,0
17364,0
27969,0
49767,0
32691,1
8368,1
31643,0
13356,0
53246,0
14322,0
28344,0
21966,0
20229,0
6428,1
59687,0
5786,0
49655,0
37907,0
36006,0
9114,1
6622,1
14887,0
60646,1
17791,0
5329,1
38962,1
63066,0
47659,1
40226,1
56987,0
51697,0
4212,0
56171,1
63125,0
36242,1
40391,1
53300,1
1202,0
43749,1
29423,1
25041,1
51921,1
36732,0
450,0
43908,0
679,0
57333,0
50928,0
53337,0
20622,0
19935,0
24558,0
44261,1
51887,0
28818,1
31383,0
37794,1
54014,1
30643,0
53990,1
36206,0
43947,0
42926,0
11494,1
61750,1
19121,0
23908,0
10473,1
41328,1
28912,1
7476,0
39728,1
7241,1
31474,0
17992,0
7779,0
37288,0
34360,0
11197,1
3261,0
59832,1
63007,0
62132,1
51695,1
35429,1
56215,0
29564,0
47142,0
1734,0
19604,1
632,0
9544,1
63242,0
9636,0
38000,0
30053,0
41178,0
35251,0
54728,0
14318,0
18990,0
33316,0
44590,0
33445,0
13478,1
51286,0
47264,0
51817,0
39723,0
13351,0
60010,1
39560,1
33984,0
53884,0
47074,0
42883,0
11009,1
15305,1
53833,1
10211,0
25983,1
54529,1
6688,0
50817,0
11200,1
26174,0
25839,0
13454,0
48895,0
19649,1
61657,1
7489,1
63249,0
19239,1
28330,1
21339,1
355,0
26315,0
1305,1
62040,0
38392,1
32368,1
54413,0
5617,1
30967,1
19105,0
47603,0
16161,1
36967,0
57091,0
61702,0
4176,0
13734,1
46828,0
5839,0
47973,1
34238,1
37229,0
52521,0
31014,0
16271,0
57857,0
46947,1
18909,1
8021,0
53859,0
9284,1
60444,1
23581,0
15058,1
27659,1
19819,0
32639,1
41272,0
36837,0
28292,1
43808,1
42900,1
39660,0
59744,0
55838,1
11135,1
58106,0
30910,0
17741,0
20996,0
41219,0
49351,0
15680,0
56391,0
8844,0
36542,1
55056,0
24103,1
16404,1
33636,1
34749,0
60540,0
47974,0
17864,0
48658,0
43111,1
21806,1
6883,0
44258,1
12238,1
39348,0
27842,0
54747,1
21211,1
28893,1
11291,0
39663,0
30511,1
43419,1
15492,0
23954,1
46649,1
39810,0
13705,1
5040,0
53279,0
30409,0
13579,1
53872,0
8427,0
13164,0
41844,1
57842,0
45057,0
773,1
48252,1
46077,1
4164,0
27897,1
39259,0
11871,0
22792,0
2029,0
39272,1
48500,1
53405,1
31370,1
39725,0
30094,0
52262,0
21138,0
24408,0
24694,0
62124,1
20203,0
36971,1
9053,0
27736,0
5434,1
8158,0
42257,1
24717,0
42220,0
1057,0
19825,0
4088,0
16492,1
50542,1
60090,0
35175,0
35018,0
62102,0
6948,0
21654,0
33388,0
41438,1
17338,0
14807,1
23749,0
20072,0
61289,0
60473,0
11457,0
59218,0
27420,0
48888,0
51676,0
32968,0
12131,1
51396,1
58977,1
60276,1
31152,0
18389,0
5579,0
33302,0
18299,0
44352,0
60997,0
55510,0
40056,1
40634,0
34767,1
39586,0
3004,0
62634,1
45554,1
5602,0
14080,0
22351,1
57183,1
29716,1
43092,1
50280,0
58583,0
60620,1
7427,0
57815,0
38538,1
42288,0
58105,0
59869,0
28303,0
23177,0
31389,0
50268,0
20521,0
20004,0
3629,1
61352,1
41421,1
32708,1
49259,0
46164,0
46738,1
24606,0
18452,0
52824,1
51550,0
60113,1
45884,0
4246,0
11987,1
8334,1
27945,1
42462,0
46099,1
57802,1
40600,0
42992,0
54239,0
31681,0
15693,0
328,0
28459,0
54172,1
41903,1
12956,0
52004,1
48990,1
16356,0
61557,0
28644,0
30441,0
36292,1
55839,0
4356,0
7401,0
1072,0
46446,0
33557,0
32319,0
21502,0
32256,1
7281,1
707,1
51262,0
28340,0
62784,1
45013,1
8040,0
8544,0
53023,0
29472,1
49883,0
34243,0
5851,0
28745,1
47117,0
59562,0
9613,0
20160,0
38069,0
59789,0
37839,0
16734,0
34974,0
41,0
21465,1
7088,1
36434,1
37191,1
20706,0
60871,0
47449,1
56637,0
46599,0
13861,0
9477,1
16591,1
23892,1
57654,1
27200,0
60456,1
29073,0
36705,1
51022,1
57532,0
14305,1
32489,0
52902,0
34307,0
11001,0
29996,1
38338,1
48860,0
19408,1
53394,0
42372,0
54664,0
41736,0
25906,0
50627,0
4910,0
57256,0
42001,0
31367,1
14385,0
51803,1
19557,1
20870,0
29448,1
26435,1
9474,1
187,0
40830,0
5325,1
41508,0
25064,0
35872,0
21230,0
55828,0
540,0
14878,1
10109,0
6888,1
14341,0
37961,0
15483,0
15604,0
51270,0
15272,0
47555,1
24219,1
42133,0
23257,0
33965,0
6432,0
23969,1
61454,1
40874,0
9260,0
12143,1
62161,1
32108,0
36033,0
10015,0
9226,0
44262,1
14627,1
48968,1
24073,0
33667,1
62128,1
34139,0
37024,0
38534,1
34869,0
28884,0
40311,0
41246,1
37881,0
26694,0
39026,1
40150,0
26971,1
27989,0
2007,0
17288,0
36487,0
45365,0
44194,0
46651,0
42760,1
57291,0
62264,0
51110,0
19293,0
21375,1
58701,0
33003,0
37573,0
46968,0
14940,1
44660,1
44818,0
14720,0
44934,1
35151,0
6363,0
11935,0
15817,0
16905,1
34923,1
27825,0
19373,1
42255,0
9729,0
17423,0
46083,1
26845,0
290,0
7360,1
46277,1
27171,1
51031,0
58557,1
4775,1
26509,1
29157,0
22906,0
19306,1
11956,1
43052,1
11527,0
33179,0
35212,1
61408,0
25000,0
37195,0
42195,1
5729,0
14692,0
35845,1
43912,1
22345,1
8141,0
34213,0
51041,0
45396,1
60036,1
16320,1
3937,0
8619,0
831,0
40342,0
22179,0
26189,0
45439,0
54791,1
28419,0
31729,0
13127,0
16088,1
43883,1
41538,0
60430,1
57080,1
4427,0
40586,0
41927,1
6507,0
61645,1
19719,0
11420,0
32376,1
45503,0
20189,0
60182,0
16136,0
29766,0
19832,0
20265,1
62285,0
56337,1
24163,0
12937,0
44782,1
51575,0
5449,1
53063,0
56025,0
20307,0
58614,1
26690,0
37000,0
44793,1
62331,0
29710,0
1858,0
56229,0
34422,0
53343,0
15837,0
52964,1
29046,0
22695,1
8524,0
35182,0
23288,0
50135,1
36716,1
7888,0
60557,0
55629,1
26404,0
37080,1
33453,1
29852,0
40878,0
15396,0
14122,0
23037,0
34187,0
32674,0
49105,0
21088,0
16554,0
18980,0
17451,1
60913,1
56141,0
50064,0
54850,0
47653,0
21152,0
57282,0
2040,0
33217,0
24888,1
4229,1
61722,1
13017,0
54904,1
37953,0
16536,0
61532,0
38522,1
9892,0
9829,0
54339,0
34814,0
7986,1
34418,0
25323,1
14433,1
61978,1
19802,0
59983,0
40499,0
7023,0
32586,0
24892,0
22131,0
19676,1
5800,0
37835,0
62423,0
6053,0
58838,1
13944,1
45460,0
27977,0
33033,0
56334,1
53775,1
7058,0
40773,0
33964,1
7688,0
50916,0
58742,0
48927,0
21782,0
56768,1
3945,1
29253,1
60156,0
6742,1
43191,0
59965,0
17845,0
61970,0
22169,0
47053,0
55094,0
27962,1
52288,1
60270,1
41141,0
54094,0
57248,0
16587,0
41425,1
63080,0
41373,1
58378,0
8668,0
13694,0
57106,1
27484,1
7847,0
56032,1
21811,0
62236,1
13268,0
14897,0
12055,0
24801,0
25452,1
36181,0
61342,1
850,0
10408,0
24794,0
36364,0
28937,0
53956,0
50799,0
37400,1
34541,0
7291,1
24481,1
15061,0
50909,0
44288,0
51603,0
24116,0
61772,0
4005,0
12063,1
41050,0
31207,1
54319,0
6326,0
34754,1
43028,0
26751,1
25497,1
41957,0
29537,0
27654,0
17804,1
13420,1
15471,0
8697,0
44462,1
55729,0
19587,0
21881,0
15569,0
33242,0
14698,0
3048,0
41367,1
34892,0
21505,1
36358,0
52172,0
47289,1
48956,0
52878,1
37737,1
7262,1
18540,0
16749,0
22141,0
48610,0
43323,0
51837,0
48997,0
23058,0
45026,0
50197,0
40540,0
3298,0
7239,0
33611,0
53122,0
14457,0
15137,1
8837,0
57038,0
48132,0
42302,0
15800,1
50052,0
13969,1
49670,0
46306,1
31842,0
25776,1
26057,1
37952,0
29368,0
59087,0
23461,0
33228,1
17267,0
26604,1
13443,0
34290,0
42130,0
52871,1
39311,0
17425,0
39359,1
2485,1
50088,1
30232,0
215,0
58216,0
34636,0
11160,0
26817,0
12538,0
26783,1
5428,1
60377,0
5732,1
17181,1
58355,1
14925,0
41947,0
14733,0
56298,1
38443,0
16717,0
30589,0
52412,0
56864,1
39491,0
31664,1
11763,1
13314,0
1246,1
29553,0
61009,1
985,0
40294,1
54101,0
49286,0
59453,0
35712,0
22767,1
5621,0
6304,0
301,0
44647,1
62878,0
38169,0
25807,0
50019,0
59760,1
14701,0
11924,0
6089,0
10486,0
57433,0
26068,0
49793,0
10370,0
2626,0
52312,0
18997,0
5680,0
21808,0
54546,1
24158,1
20747,0
42812,0
32076,1
6763,1
14420,0
9694,0
35971,0
24007,1
54974,0
26915,1
48204,0
23655,1
28911,0
17628,1
55377,0
52992,1
43424,1
28791,1
45075,0
49649,0
35773,0
48428,1
11942,0
11064,0
58865,1
13508,0
35880,0
30836,0
39131,0
17986,0
24458,0
12527,0
60985,0
11666,1
28876,0
42356,0
37997,0
33674,0
7726,0
4639,1
32157,0
12737,1
41928,0
2982,0
15071,0
43333,1
22317,0
55254,0
18079,1
62643,1
28608,1
37898,0
21550,1
47315,0
9151,0
42829,0
13783,0
38340,1
10956,0
33540,0
24437,0
31406,1
10019,0
59708,0
42199,1
8672,0
16777,1
1245,0
32865,1
40043,0
31145,1
3811,0
28337,1
48088,0
59289,0
8990,1
55818,0
54193,1
13922,1
41453,1
47242,1
43773,0
1623,1
7445,0
38916,0
15967,1
4450,0
27604,1
23576,1
38843,1
44541,0
46770,0
61480,0
7010,0
26470,0
11767,0
21836,0
52226,0
15826,1
8035,0
36168,0
4130,0
51702,1
61567,0
24996,0
7055,0
12578,0
22290,0
43107,1
37179,1
8652,0
34260,0
36818,1
20324,0
21839,1
56751,1
13693,0
2889,0
51285,0
7014,0
41601,0
47758,0
7296,1
57760,1
8909,0
30090,0
45296,0
1443,1
21354,0
19021,0
55912,1
21047,0
6028,0
25261,0
63212,1
31616,0
4964,1
36497,0
52432,1
60342,0
7148,0
4035,0
58903,0
37774,0
47992,1
45807,0
38141,1
49340,0
14781,0
23260,0
22312,0
60890,0
14879,1
55703,0
40888,1
61296,1
45476,0
63173,0
50296,0
26445,1
4867,0
56783,0
47441,0
47842,0
21738,0
46683,0
39675,0
54931,0
56235,0
38765,0
32920,0
55288,0
7866,1
21142,0
24939,0
36799,0
57837,1
38644,0
21394,0
28037,0
34093,0
60170,0
55626,0
45420,0
42231,0
6843,0
57079,0
40382,0
55569,1
57933,0
30238,0
20267,0
3296,0
57735,1
37242,1
31923,0
13343,0
44756,1
34776,1
6858,0
44016,0
54089,0
16019,0
34809,1
34684,1
16802,0
21175,1
26894,0
49686,0
8535,1
1390,0
53216,1
3368,0
54621,0
25186,0
62521,0
33425,1
2076,0
34037,1
10280,0
16198,0
49970,1
47036,0
3487,0
36283,1
28919,0
47151,0
23050,0
54982,1
4655,0
13887,0
17002,0
25890,0
3236,0
22973,1
38459,0
59374,1
44998,1
18059,0
24405,0
26527,1
18705,0
47573,0
31528,1
28752,1
12940,0
30055,0
9057,0
5633,0
19376,1
16164,0
42053,1
49249,0
44487,0
23695,0
20031,1
133,1
58567,0
29768,0
2518,0
49125,0
18625,0
10111,1
59636,0
14264,0
46517,1
61930,0
30699,1
58055,1
17488,0
20678,0
35424,1
32601,1
38986,1
55552,0
48934,0
13599,0
3303,1
31713,0
739,0
56965,0
52372,1
50026,0
21263,0
47448,0
11985,0
36019,1
11837,0
7422,0
17898,0
31221,1
11323,0
29972,0
20086,0
11271,1
62653,1
23851,0
39655,0
21184,1
51991,0
6281,0
39098,0
29928,0
16788,1
48812,1
58804,0
42593,0
5375,0
2404,1
24475,1
62002,1
54990,1
50199,1
30189,1
23304,0
62609,1
53824,1
38002,0
10609,1
59490,0
26741,1
62695,0
15314,1
9679,1
53533,0
57443,0
52910,0
26524,1
43937,0
42423,0
52639,1
15188,0
62790,0
12773,1
23233,1
47743,1
14365,1
45961,0
57507,0
57692,0
3202,1
47780,0
7133,1
43400,1
33362,0
37001,0
20208,1
41550,0
1453,0
58646,0
58841,1
22046,0
23552,1
12407,1
58582,0
58446,0
25753,0
25369,0
25989,0
56892,0
12622,0
27465,1
47026,0
39864,0
44764,1
20951,1
42173,0
56380,1
39016,0
35363,0
30609,0
37363,0
18721,0
55860,0
49871,1
9473,1
30328,0
24880,1
54948,0
8267,0
40496,0
53464,0
31322,0
63305,0
45671,1
14893,0
58177,0
5260,0
43853,1
30430,0
60587,0
60251,1
60569,0
43488,1
50025,0
60146,0
49175,0
15395,1
1835,1
35506,0
1118,1
43152,1
1837,0
56922,0
11509,0
51357,1
52856,1
48641,1
18733,1
36873,0
36231,1
16701,0
43099,0
40516,1
17418,0
4317,1
20332,0
19568,0
3799,0
58610,0
30401,0
23241,1
44569,1
17900,0
50737,0
30016,1
40828,0
51245,0
13691,0
20316,0
42441,0
3789,0
63221,1
22024,0
31557,1
35346,0
55200,1
48153,0
3972,0
3819,0
53941,0
8818,0
24300,1
14929,0
41553,1
46737,1
26110,1
13149,0
4312,0
5638,1
41422,0
54528,1
24330,0
58980,1
49399,1
52420,0
24200,1
7108,0
54344,1
14419,1
56232,0
13630,0
34493,0
37983,1
10252,0
20982,0
30980,0
25324,0
45362,1
58951,1
27570,0
52962,1
13891,1
23973,1
34557,0
22463,0
43668,1
21085,1
18510,1
37562,1
9044,0
205,0
23885,0
35010,0
6973,0
27496,0
51431,0
53185,1
52399,1
52956,0
22628,0
53944,0
60351,0
58680,0
35250,1
58369,1
4290,0
30902,0
56242,0
12201,1
38198,0
47287,0
12471,1
54783,0
36313,0
16867,1
59043,0
33974,1
52418,1
50234,1
5186,1
25024,0
59855,1
21775,1
27790,0
48173,0
45694,0
38113,1
5713,0
5332,1
39861,0
33160,0
27510,1
25161,1
28441,0
24791,0
8501,0
57902,0
46558,0
32105,1
38291,0
49614,1
36432,0
52038,1
63260,1
58875,0
56803,1
27153,0
29204,0
38793,1
41877,0
38822,0
40966,1
55727,1
54524,0
17605,0
41186,0
36566,1
10097,0
57625,0
9330,1
55117,1
20400,0
59123,0
9540,1
33989,1
39922,1
55889,1
18531,0
50233,0
40641,0
29164,0
23527,0
9560,0
29309,0
49235,1
31269,0
42490,0
38563,0
37017,0
18887,0
43511,1
51302,0
30750,1
36135,1
57684,0
41935,0
50534,1
42225,1
32478,0
51486,1
41944,0
8778,1
37159,0
25057,0
18432,0
9278,1
46475,0
60809,1
37258,0
28743,0
129,0
16512,0
52257,1
41028,0
23482,0
49073,0
8927,0
18623,0
31700,0
59570,1
17465,0
27519,0
60533,0
7725,1
725,0
27670,0
9137,1
1753,0
33034,1
21634,0
406,0
14311,0
37869,0
37938,0
746,0
25258,0
47207,0
46136,1
48165,0
39103,0
58717,0
23804,0
17396,0
3484,1
44606,1
27865,0
42586,0
13364,0
15529,1
12308,1
57901,0
1408,1
549,0
23084,0
16978,0
19434,0
41712,0
13631,1
867,1
386,0
22062,1
19887,1
5957,0
1707,0
5557,1
29405,0
17443,0
11270,0
10142,0
54241,1
40594,0
53918,1
23184,0
19613,0
25143,0
1839,0
6745,0
2173,0
42578,0
12963,0
18026,0
43556,1
39871,1
4534,0
63102,0
31537,0
4720,0
39223,0
8703,0
45306,0
10603,0
38826,1
30031,1
4771,1
5003,0
11300,0
11101,0
9909,0
28910,1
1721,0
45863,1
51938,0
6376,0
58659,1
29306,1
20930,1
52694,0
36941,0
27147,0
52346,0
7599,0
54400,0
23755,0
8783,1
43161,0
44845,1
19318,0
11282,1
33849,1
20103,1
40361,1
51979,0
17415,0
14015,0
42481,0
32028,1
5176,1
27142,0
46025,0
42840,1
38588,0
14238,0
3611,1
175,1
10048,0
55851,0
28426,0
55162,1
35964,0
5036,0
44619,1
29441,0
31587,0
57560,1
22130,1
13509,0
41185,0
62840,1
8345,1
12242,0
44708,0
48107,0
32573,1
58688,0
46333,0
37010,1
13946,1
14629,0
2900,1
25645,0
55636,0
40931,1
51755,0
11495,1
10649,0
31758,0
15120,0
6746,0
21364,0
14665,0
19655,0
8536,0
39410,0
59109,0
46982,0
49042,0
57739,1
33344,0
21781,0
63241,1
16227,1
8660,0
56808,0
31400,1
16588,1
1351,0
17820,1
2215,1
17290,0
7034,0
13884,1
50417,1
23803,0
11822,0
8624,0
9717,1
630,1
22483,1
38555,1
27468,1
26579,0
43848,0
11141,0
47770,0
21441,0
34327,0
52391,1
53951,0
12373,0
19694,0
27606,0
50084,0
52323,0
18493,0
42250,1
16042,0
48793,0
35936,1
37124,1
48275,1
35686,0
32227,1
33930,1
36519,0
43346,0
9622,0
43047,0
18334,1
16758,1
42756,0
28125,0
34051,0
21019,0
48944,1
56026,1
703,0
24476,0
43213,0
48609,0
42196,0
40969,0
61967,0
24311,1
35672,1
13632,1
44994,0
5694,0
58627,0
24206,0
2288,1
62027,1
21983,0
38643,1
36752,1
10938,0
8146,0
42862,1
2687,0
9010,0
2621,0
50308,0
4452,0
24834,1
22801,0
9345,0
58988,0
7237,0
60785,0
32257,1
14452,0
62309,0
61268,0
47445,1
25363,1
30725,0
33647,0
13899,0
38460,0
48243,1
3242,0
52136,0
31734,0
48905,0
28184,0
57921,0
38387,0
61422,0
7689,0
49980,0
14865,0
46209,0
37801,0
47249,0
58223,1
57782,1
21046,0
38535,1
24926,0
13181,0
31131,0
50518,1
18757,0
28141,0
49169,0
9418,0
7522,0
27507,0
6995,0
60548,0
29072,1
20935,1
39174,0
12470,1
32540,0
55896,1
59958,1
53646,1
51090,0
54636,0
5349,1
54977,1
24938,0
24655,1
48403,0
33117,0
46523,1
40048,0
38260,1
4804,1
47800,1
9974,1
56310,1
34965,0
19325,0
3690,0
60151,0
28189,0
48030,0
25652,1
49938,1
37796,0
14185,0
30928,0
45210,0
34381,1
1231,0
31246,1
22014,0
39446,0
49542,0
46312,1
51488,1
42604,0
51304,0
25947,0
4622,0
11233,0
27201,0
29876,0
61844,1
17240,0
34818,1
50042,0
27851,0
55936,0
37261,0
6263,0
40440,1
28308,0
31549,1
4842,0
27791,1
37417,1
25326,0
37811,0
30606,0
58615,1
42860,1
41996,0
59997,0
52327,0
41488,0
58448,1
3065,1
48852,0
46855,1
20601,1
31768,1
36484,0
45227,0
14277,0
46448,0
27767,1
13885,1
24664,0
24224,0
14842,0
9212,0
27919,1
24381,1
19765,0
29216,1
21396,0
59220,0
7090,1
22126,0
26659,0
55810,1
51095,0
977,0
61491,1
39320,0
31561,0
7350,0
53221,1
46302,1
9732,0
54622,1
45593,1
40376,0
38174,0
9605,1
23191,1
22634,0
59605,0
43273,0
11746,1
35149,0
62767,0
23819,1
33330,0
13966,0
38536,0
44811,0
15761,0
7311,1
23775,0
9812,0
3194,0
29087,1
12498,0
62787,1
12572,0
6559,0
16585,1
47348,1
6619,1
12231,0
26355,0
57799,1
28430,0
9399,0
14112,1
42662,0
22251,0
16181,1
30572,0
29506,0
43882,1
1920,0
5636,1
10605,0
45491,0
21143,0
44780,1
54156,0
61139,0
35108,0
52894,1
16241,0
7490,1
39879,0
28615,0
33340,1
29664,1
3045,0
10751,1
34559,0
6798,0
62751,0
62455,0
29859,0
56677,0
32777,0
30858,1
4752,0
42152,1
61889,0
61127,0
50538,1
29018,1
28939,0
52314,0
1344,0
13610,0
15113,1
51540,0
56782,0
48700,0
61417,1
60691,0
54223,1
52473,1
60799,0
1416,1
36897,0
32255,1
61401,0
30992,0
56568,0
27850,0
60381,0
42210,1
19987,0
54355,1
35013,0
13113,0
34146,0
3956,1
10586,1
25433,0
51541,1
193,0
52778,0
45715,0
44260,1
27957,0
18090,1
11580,0
31799,1
39181,1
58008,1
15612,1
10761,0
60150,0
17254,0
24141,0
32919,1
3511,1
9493,0
12702,1
16409,0
51818,0
42246,0
47193,0
53894,0
38082,0
24456,0
46969,0
51453,0
61785,0
55613,1
50976,0
26615,0
42769,1
14691,1
52049,0
48732,1
62422,0
61362,0
15646,0
60795,0
605,1
20954,1
39706,1
46343,0
12006,0
2487,0
39293,1
44467,1
15157,0
40503,0
25714,0
36908,0
47307,1
32587,0
7935,0
39934,1
12488,0
6875,1
60744,1
201,1
34392,0
11447,1
44226,0
33567,0
26349,0
744,0
28589,1
43658,1
4301,1
52158,0
32384,1
36714,0
3516,0
8768,1
2792,1
62849,0
2674,1
47719,0
34639,1
43044,0
5203,1
7406,1
28905,0
11076,0
23421,0
34173,1
20688,0
44988,1
36445,0
45935,0
32693,0
55104,0
42464,0
19235,1
53928,0
27106,1
5421,0
21474,0
33817,1
30553,1
42830,1
90,1
13182,0
56058,1
1644,0
13520,0
36069,0
22520,0
4135,0
13461,0
17671,0
10511,0
35118,0
58487,1
42480,0
58665,0
24436,0
59029,1
2283,0
48974,1
17456,0
15754,1
46030,0
5928,0
60208,0
55663,0
41559,0
28570,0
34988,0
13288,1
21201,1
35477,1
1415,0
452,1
41578,0
27237,0
60753,0
33339,0
43697,1
58657,1
12091,0
38097,1
55442,1
56276,0
37237,0
11631,0
51128,0
48655,1
55018,1
7666,1
26607,0
19785,0
29039,0
11984,0
47477,0
56057,0
46680,0
57940,0
1133,0
43162,0
10275,0
52068,0
22069,0
50391,1
57549,1
27206,0
22503,1
40212,0
1817,0
8428,0
25463,0
56188,0
10727,0
18924,0
26215,1
23017,0
42679,1
33581,0
3938,0
33568,0
14194,1
48453,1
2743,0
28832,0
45751,0
15872,0
17019,0
25539,0
18211,1
16950,0
18933,0
11711,0
352,1
19758,0
47556,0
54551,0
35617,1
10148,0
3364,0
48806,1
8675,0
9946,1
17522,0
53544,0
45251,0
31124,1
2606,0
59007,1
5473,1
43231,1
62619,0
46906,0
33641,1
6433,0
5737,0
51610,1
12948,0
45313,1
2205,0
15902,0
18749,0
10307,0
4214,0
23637,1
10631,0
22646,0
22361,0
4307,1
49492,1
4124,0
6711,1
12925,0
62396,0
39469,1
4037,0
25782,1
42187,0
21290,0
12679,0
37263,0
21283,0
34219,0
25311,1
47667,0
32122,1
19110,0
22217,1
15624,0
20947,0
14020,0
49219,1
35465,1
852,0
55410,1
12035,0
33612,0
42048,1
50101,0
31851,0
44469,0
50031,0
45259,0
51294,0
29392,0
5416,0
51153,1
48299,1
22392,1
1806,0
57064,0
5073,1
1340,0
19358,1
16221,1
54933,1
17229,0
3462,1
38479,1
57485,0
20522,0
7850,0
40270,1
20609,1
27238,0
61763,0
32855,1
47081,0
17102,0
52242,1
10610,1
55646,0
36949,0
44692,0
31497,1
10075,0
41974,0
60672,1
32687,0
17191,0
34113,0
38759,1
42874,1
41833,0
18772,1
17779,1
46428,0
53876,1
43374,1
62347,0
55417,0
55033,1
24253,0
30158,1
59589,1
26161,1
30075,1
21516,1
33564,1
18709,1
43474,0
28870,0
8315,1
42179,0
37651,0
38851,0
43015,0
37828,1
35185,0
18171,0
60523,0
3501,0
5117,0
24953,1
18093,0
18186,0
18395,1
45666,0
12346,0
47398,1
60840,0
42140,0
13281,0
57426,0
59899,1
27178,0
1917,0
21927,0
21600,0
18546,0
56883,1
47291,1
59912,0
21996,0
26235,1
56994,0
17023,1
35990,0
23608,1
49246,0
14052,0
51664,1
53644,1
17250,0
56176,1
33910,0
53303,0
50968,0
51873,1
4241,0
46224,0
56326,1
13583,0
49799,0
12282,1
28749,1
42863,0
20164,0
17679,0
6456,1
27301,1
48446,1
12768,0
32445,1
7111,0
62677,0
33490,0
22026,1
58284,1
49518,0
30820,0
26304,0
46884,0
7265,1
26693,0
55964,0
15619,0
51687,0
16650,0
16368,0
17322,1
40082,1
4821,0
39676,1
36947,1
14541,0
46858,0
60477,0
13584,0
40468,0
57206,0
38992,1
50161,0
11287,0
55110,0
38395,0
11524,0
32799,0
3681,0
5037,1
47803,1
13479,0
7861,0
20069,0
32956,0
47429,1
52348,0
31635,0
31003,0
9357,1
28961,0
34561,0
56095,1
37594,1
7535,0
43734,1
32602,0
30578,0
43673,1
13311,0
42424,0
13534,0
44741,1
48194,0
31808,0
46797,0
39721,1
44867,1
58326,1
26701,0
10963,1
3903,0
48811,1
4682,0
54232,1
35662,0
62888,1
62689,1
57267,0
32018,0
45292,0
62506,0
23825,1
32271,1
2415,0
27452,0
11010,0
50848,0
48350,0
59258,1
27203,0
7981,1
63041,1
25055,1
55826,0
42454,1
24329,1
35190,1
7578,0
51407,0
22110,1
55013,0
16665,0
20603,0
30568,1
54923,0
30292,1
29186,0
47178,0
35556,1
4955,1
31422,1
36179,0
24838,0
14272,0
15446,1
52184,1
7807,0
4224,0
12064,0
29256,1
37515,1
39746,0
4877,0
6107,0
40050,0
7706,1
54632,1
54897,0
61625,0
47660,1
40092,0
50158,0
29502,0
8908,0
13706,0
31958,0
28289,1
50312,1
58080,0
50022,0
7425,0
51477,0
34288,0
11980,1
32864,1
31900,0
26129,0
59818,0
17301,0
6939,1
23989,0
8305,0
60515,0
50329,0
54153,0
16310,0
61477,0
18513,0
57365,1
53024,0
14902,0
30175,0
23956,1
32859,0
12587,0
17153,0
46457,0
51337,0
3485,1
43564,0
49057,1
46313,1
27064,0
21871,0
46687,0
14718,0
39307,0
61304,1
11536,1
39544,1
44637,0
52274,0
27615,1
41037,0
5437,1
57263,0
41595,0
62845,0
6172,0
23108,1
58604,0
27943,0
26930,1
48032,1
17928,0
28236,0
4523,0
12801,1
8691,0
50574,0
47899,0
14903,0
14783,1
12198,0
40981,1
54384,1
22003,0
38407,0
40583,0
3979,0
7052,0
53003,1
24723,0
12594,0
36244,0
55513,0
17839,1
52485,0
1368,0
18913,1
2563,0
3023,0
58873,0
41586,0
49423,0
33291,0
6293,0
15773,1
25343,1
62336,0
59849,0
45334,1
15805,0
19704,1
39075,0
12783,1
59756,1
5099,0
18064,0
2708,0
45576,1
35653,0
49422,1
61717,0
24291,1
48704,1
20269,0
34874,0
35184,1
1956,0
34717,0
16098,0
48583,1
44643,1
46084,1
11840,0
10988,0
58318,0
24728,0
7547,0
41441,1
17118,0
46339,0
35371,0
12976,1
18368,1
20080,0
52021,0
24544,1
20024,0
863,0
37832,0
14068,0
23942,1
31686,0
11730,1
44453,1
16730,0
39664,1
51956,0
21298,1
29896,0
54721,0
8686,0
14576,1
2218,0
44361,1
7800,0
18902,0
3332,1
4445,1
25685,1
55672,0
39640,0
37305,1
11409,0
54935,0
6344,1
13711,0
45113,1
18951,0
44274,0
42385,1
43739,1
20881,1
41056,1
43268,0
927,0
10009,0
33525,0
52850,0
9101,0
58972,1
16558,0
16901,0
6266,1
52632,1
1797,0
54555,1
13662,0
12995,0
16118,0
54893,1
60376,0
13564,0
56439,0
41600,0
24325,0
36892,0
31914,0
51538,1
57309,1
41165,0
44290,0
38802,0
28164,1
28555,0
43942,0
1102,0
47160,1
28403,0
23099,1
57192,0
26280,0
38834,0
50236,0
19517,0
49801,0
33262,1
33700,1
46092,1
6834,0
5973,0
1006,0
8223,0
8671,0
13111,0
5012,1
10430,1
17894,0
3829,1
53720,0
63170,0
46711,1
49333,0
33382,0
51580,0
46782,0
42442,1
12593,0
643,1
47929,0
43953,0
3607,1
3271,0
62245,1
22467,0
60702,0
52700,0
9154,0
9291,1
14453,1
28679,0
3180,0
53534,0
17182,0
14757,0
10755,0
18132,0
58808,0
2042,0
10821,0
45670,0
3888,0
53798,1
812,1
37107,1
10188,1
55522,0
35451,0
62164,0
101,1
52607,0
35871,1
18232,1
42115,0
29188,0
47211,0
45627,0
4667,0
9512,0
30554,1
59811,0
34981,0
56444,0
3483,1
31602,0
48994,0
556,1
43906,0
7429,0
10218,0
7492,1
14151,0
9027,1
25802,1
31165,0
58730,0
34868,0
50680,1
62834,0
48456,0
50125,0
62082,0
9,0
15174,1
41358,0
41674,0
33031,0
48771,0
30727,1
58924,0
33285,0
59552,1
59574,0
55863,1
30811,0
36466,1
17231,0
438,0
62079,0
35255,0
19828,0
6490,0
6893,1
51923,0
28405,0
3507,0
3934,0
20875,0
31455,0
11740,0
40252,0
29267,1
53886,1
62106,0
50070,1
26695,1
59558,1
12036,1
34963,1
202,1
35070,0
35525,1
808,0
24923,0
12328,1
41691,0
5868,1
39229,0
19701,0
1697,0
28379,1
10889,0
34231,0
952,0
36586,0
10635,0
10145,0
3318,0
36640,0
25532,0
7519,1
2833,0
48217,1
51438,0
41609,0
53109,0
14516,0
54170,1
50400,0
17763,1
44856,1
20845,0
37546,1
9128,1
18461,0
49114,0
34341,1
29290,1
45888,1
60260,1
28736,0
57934,0
22369,1
830,1
920,0
40104,0
49308,1
37733,1
13936,0
37560,0
6719,1
39295,0
12489,1
30810,0
24566,0
1389,1
4051,1
44278,1
48741,0
13648,1
37379,0
50847,0
15351,0
4841,0
10364,0
45946,0
17151,0
1433,1
30460,0
18322,1
13359,0
2150,1
27134,0
1228,1
6074,0
6088,0
22727,0
58332,0
5396,0
39528,1
43233,0
8981,1
31988,0
40066,1
35538,0
26391,1
10578,0
60867,1
49599,1
38987,1
13837,0
42281,0
32223,0
58950,0
38058,0
34436,0
12309,1
21861,0
15779,1
20218,0
43934,1
26101,0
58402,0
17399,0
12862,0
26537,0
63257,0
10455,0
45876,0
10572,0
61005,0
9377,0
52015,0
16443,1
25018,0
49791,1
57418,1
17754,0
20686,1
26713,1
4056,0
49972,1
29966,0
348,0
58796,1
50074,1
26400,1
22153,0
45497,0
61909,1
42096,1
18712,0
2256,0
34478,0
59428,0
45308,0
1848,0
48712,1
23535,0
10694,0
19257,0
35568,1
22524,0
24864,0
38231,0
59125,0
8814,0
29909,1
48021,1
11320,0
24537,0
9868,0
57708,0
39992,1
57096,0
59524,0
26681,1
36715,0
22637,0
33792,1
3951,1
35227,0
26479,0
2575,0
14648,0
10319,0
28786,0
36251,0
441,1
5222,0
14611,0
94,1
960,0
51132,1
1841,0
13044,0
53746,0
28424,0
21853,1
37250,0
37810,1
22870,0
42632,1
7633,0
16264,0
32009,0
946,0
33961,0
48186,0
34836,0
34332,0
23677,0
4900,0
36171,0
14657,1
24613,0
51463,0
50028,0
9564,1
53202,1
42763,0
56211,0
61714,1
5492,1
5359,0
3785,0
37306,0
4277,0
33406,1
15296,1
40578,0
25448,1
35140,0
59633,0
14143,1
1224,1
38733,0
50166,0
1312,0
6187,0
55651,1
1021,0
6924,0
31216,1
33571,0
11400,0
34318,0
54619,1
42580,0
25273,0
37193,0
12117,0
46024,0
33487,0
34014,1
1314,1
62403,1
44750,1
45428,0
61333,0
27724,0
16765,1
23181,0
57453,0
12458,1
9803,0
27920,0
11748,1
41676,1
31133,0
29416,1
1872,1
28178,0
27914,1
37467,0
10024,0
51385,1
56664,0
38749,1
12239,0
23120,0
57212,0
20416,0
35923,1
36460,1
14469,0
2302,1
13918,0
3365,0
34476,0
20074,0
29055,0
13910,0
57941,0
39748,0
40755,0
39825,0
16875,1
28144,1
35401,1
1854,0
23185,0
31105,0
30112,0
36166,0
47384,0
6946,1
25476,0
19263,0
47284,0
17947,0
2052,1
9307,0
26990,0
29511,1
13442,0
585,0
11166,0
47539,0
61110,1
33879,0
48914,1
